product_id,product_type,2015_7_star_rating,2015_6_star_rating,2015_5_star_rating,2015_4_star_rating,2015_3_star_rating,2015_2_star_rating,2015_1_star_rating,2014_12_star_rating,2014_11_star_rating,2014_10_star_rating,2014_9_star_rating,2014_8_star_rating,2014_7_star_rating,2014_6_star_rating,2014_5_star_rating,2014_4_star_rating,2014_3_star_rating,2014_2_star_rating,2014_1_star_rating,2013_12_star_rating,2013_11_star_rating,2013_10_star_rating,2013_9_star_rating,2013_8_star_rating,2013_7_star_rating,2013_6_star_rating,2013_5_star_rating,2013_4_star_rating,2013_3_star_rating,2013_2_star_rating,2013_1_star_rating,2012_12_star_rating,2012_11_star_rating,2012_10_star_rating,2012_9_star_rating,2012_8_star_rating,2012_7_star_rating,2012_6_star_rating,2012_5_star_rating,2012_4_star_rating,2012_3_star_rating,2012_2_star_rating,2012_1_star_rating
B00005O0MZ,h,4.138328530259366,4.144578313253012,4.147239263803681,4.142857142857143,4.146417445482866,4.14240506329114,4.131578947368421,4.114478114478113,4.138888888888889,4.132142857142857,4.115241635687732,4.130769230769231,4.1078838174273855,4.1415094339622645,4.105527638190955,4.110497237569061,4.064705882352942,4.0974025974025965,4.103703703703704,4.094827586206897,4.142857142857143,4.147368421052631,4.155555555555557,4.136363636363637,4.090909090909091,4.067567567567568,4.043478260869565,3.9354838709677415,3.9090909090909087,3.877551020408163,3.9090909090909087,3.65625,3.56,3.4285714285714284,3.4285714285714284,3.3529411764705883,3.3571428571428568,3.636363636363636,3.875,4.142857142857143,4.4,4.25,4.0
B0009XH6WI,h,3.9090909090909087,3.9161676646706582,3.8875,3.934640522875817,3.953333333333333,3.95,3.9186991869918697,3.941666666666667,3.9137931034482767,3.9196428571428568,3.934579439252337,3.871287128712871,3.855670103092784,3.824175824175824,3.8426966292134828,3.8235294117647056,3.8072289156626495,3.784810126582279,3.763157894736842,3.76,3.75,3.71875,3.704918032786885,3.7068965517241383,3.8545454545454554,3.875,3.9090909090909087,3.9743589743589753,3.9428571428571435,3.9230769230769234,3.9583333333333335,3.9090909090909087,3.7058823529411766,3.7058823529411766,3.7058823529411766,3.6666666666666665,3.7857142857142856,3.692307692307693,4.0,4.0,4.5,4.5,5.0
B003L0LWYY,h,4.333333333333333,4.2727272727272725,4.25,4.2,4.04,4.04,3.9090909090909087,3.7647058823529416,3.6875,3.6875,3.928571428571429,3.8461538461538463,3.75,3.636363636363636,3.636363636363636,3.555555555555556,3.875,3.875,3.75,3.333333333333333,3.333333333333333,3.333333333333333,3.333333333333333,3.333333333333333,3.333333333333333,3.333333333333333,3.333333333333333,3.333333333333333,2.5,2.5,4.0,,,,,,,,,,,,
B00009YJSJ,h,4.558011049723757,4.57396449704142,4.574193548387097,4.562913907284769,4.554794520547945,4.548872180451128,4.5280000000000005,4.5344827586206895,4.5049504950495045,4.5054945054945055,4.494252873563219,4.493670886075949,4.472222222222221,4.552238805970148,4.553846153846154,4.5555555555555545,4.52542372881356,4.517857142857143,4.5,4.5,4.5,4.538461538461538,4.529411764705882,4.5151515151515165,4.551724137931036,4.478260869565218,4.55,4.533333333333333,4.5,4.461538461538462,4.4,4.333333333333333,4.333333333333333,4.4,4.4,4.4,4.25,4.0,3.5,3.5,3.5,3.0,3.0
B0054Y2Q4K,h,4.95,5.0,5.0,5.0,5.0,5.0,5.0,5.0,5.0,5.0,5.0,5.0,5.0,5.0,5.0,5.0,5.0,5.0,5.0,5.0,5.0,5.0,5.0,5.0,5.0,5.0,5.0,5.0,5.0,5.0,5.0,,,,,,,,,,,,
B0015YFTTC,h,4.695652173913044,4.65,4.588235294117646,4.5625,4.5625,4.4,4.4,4.4,4.4444444444444455,4.428571428571429,4.833333333333333,4.833333333333333,4.833333333333333,4.833333333333333,4.833333333333333,4.833333333333333,4.833333333333333,4.833333333333333,4.833333333333333,4.833333333333333,4.833333333333333,4.75,4.666666666666667,4.666666666666667,4.666666666666667,4.5,4.5,4.5,4.5,4.0,4.0,4.0,4.0,4.0,4.0,4.0,4.0,,,,,,
B0057HQ6C2,h,4.407407407407407,4.384615384615385,4.36,4.333333333333333,4.304347826086956,4.2631578947368425,4.2631578947368425,4.625,4.6,4.6,4.615384615384615,4.615384615384615,4.615384615384615,4.545454545454546,4.8,4.777777777777779,4.777777777777779,4.875,5.0,5.0,5.0,5.0,5.0,5.0,5.0,5.0,5.0,5.0,5.0,5.0,5.0,5.0,5.0,5.0,5.0,5.0,5.0,5.0,,,,,
B004YZMKKU,h,4.070796460176991,4.037037037037037,4.0285714285714285,4.03921568627451,4.02970297029703,4.105263157894736,4.065934065934067,4.057471264367816,4.072289156626506,4.075949367088608,4.078947368421051,4.0410958904109595,4.044117647058823,4.047619047619048,4.067796610169491,4.051724137931036,4.0566037735849045,4.18,4.2,4.166666666666667,4.170731707317073,4.170731707317073,4.153846153846153,4.131578947368421,4.1891891891891895,4.166666666666667,4.323529411764706,4.354838709677419,4.333333333333333,4.296296296296297,4.24,4.24,4.24,4.217391304347826,4.217391304347826,4.25,4.2631578947368425,4.222222222222221,4.25,4.428571428571429,4.727272727272728,4.7,4.833333333333333
B009ZPMPGI,h,3.9047619047619047,3.972972972972973,4.0285714285714285,4.090909090909091,4.0344827586206895,3.962962962962963,3.8181818181818175,3.9,3.733333333333333,3.5384615384615383,3.5384615384615383,3.5454545454545454,3.333333333333333,3.125,3.0,2.5,3.0,3.0,1.0,1.0,1.0,,,,,,,,,,,,,,,,,,,,,,
B00092M38G,h,3.5,3.5517241379310347,3.6428571428571432,3.5384615384615383,3.48,3.4166666666666665,3.5217391304347827,3.5454545454545454,3.5454545454545454,3.45,3.3684210526315788,3.4444444444444446,3.2666666666666666,3.2666666666666666,3.4615384615384617,3.4615384615384617,3.4615384615384617,3.1818181818181817,3.1818181818181817,3.1818181818181817,3.1,3.1,2.888888888888889,2.875,3.0,3.0,3.0,3.0,3.0,3.0,3.0,3.333333333333333,3.333333333333333,3.333333333333333,3.0,3.0,3.0,3.0,3.5,4.5,4.5,,
B000RZLL38,h,4.243243243243243,4.222222222222221,4.2,4.161616161616162,4.178947368421054,4.204545454545454,4.204819277108434,4.2073170731707314,4.17948717948718,4.157894736842104,4.140845070422535,4.125,4.155172413793103,4.267857142857143,4.254545454545455,4.235294117647058,4.22,4.2444444444444445,4.209302325581397,4.2682926829268295,4.27027027027027,4.424242424242424,4.433333333333334,4.407407407407407,4.407407407407407,4.384615384615385,4.333333333333333,4.333333333333333,4.277777777777779,4.25,4.25,4.142857142857143,4.2,4.125,3.8333333333333335,3.8333333333333335,4.4,4.4,4.4,4.75,4.75,4.666666666666667,5.0
B003FBG88E,h,4.409836065573772,4.367924528301887,4.351063829787234,4.3580246913580245,4.301369863013698,4.293103448275862,4.319148936170213,4.388888888888889,4.310344827586206,4.307692307692308,4.291666666666667,4.227272727272728,4.190476190476192,4.15,4.105263157894736,4.055555555555555,4.0,3.9375,3.933333333333333,3.928571428571429,3.928571428571429,3.928571428571429,3.8461538461538463,3.8461538461538463,4.0,4.0,4.0,4.4,4.75,4.75,4.666666666666667,5.0,,,,,,,,,,,
B000E8PG98,h,3.914285714285714,3.8484848484848486,3.84375,3.8225806451612905,3.775862068965517,3.7647058823529416,3.976190476190476,4.128205128205129,4.081081081081081,3.9696969696969697,3.9642857142857135,3.9642857142857135,3.9259259259259265,3.9259259259259265,3.8846153846153846,3.8846153846153846,3.84,4.086956521739131,4.045454545454546,4.045454545454546,4.095238095238095,4.1,4.052631578947368,4.117647058823529,4.117647058823529,4.066666666666666,4.230769230769232,4.0,3.875,3.7142857142857135,3.7142857142857135,3.8333333333333335,3.8,3.8,3.75,3.75,3.75,3.75,3.75,3.75,3.75,3.75,3.333333333333333
B000A3I2X4,h,4.229007633587786,4.235059760956175,4.225531914893616,4.213333333333333,4.200934579439252,4.187817258883249,4.191011235955056,4.208588957055214,4.224489795918367,4.257575757575758,4.24793388429752,4.242990654205608,4.288659793814433,4.28125,4.258064516129032,4.233333333333333,4.209302325581397,4.216867469879518,4.1875,4.207792207792208,4.142857142857143,4.142857142857143,4.121212121212121,4.105263157894736,4.169811320754717,4.288888888888889,4.3023255813953485,4.282051282051282,4.235294117647058,4.3,4.384615384615385,4.411764705882354,4.222222222222221,4.428571428571429,4.428571428571429,4.428571428571429,4.333333333333333,4.2,4.2,4.2,4.25,4.25,3.5
B0007NZPY6,h,5.0,5.0,5.0,5.0,5.0,5.0,5.0,5.0,,,,,,,,,,,,,,,,,,,,,,,,,,,,,,,,,,,
B007ROD3O2,h,4.267857142857143,4.230769230769232,4.204081632653061,4.1875,4.155555555555557,4.142857142857143,4.142857142857143,4.2368421052631575,4.243243243243243,4.228571428571429,4.384615384615385,4.375,4.3478260869565215,4.2105263157894735,4.4375,4.538461538461538,4.7,4.666666666666667,4.666666666666667,4.6,4.5,4.5,4.5,4.5,4.5,4.5,4.5,5.0,,,,,,,,,,,,,,,
B001MXWZFM,h,4.4,4.386363636363637,4.386363636363637,4.372093023255814,4.372093023255814,4.410256410256411,4.378378378378378,4.323529411764706,4.323529411764706,4.258064516129032,4.222222222222221,4.222222222222221,4.045454545454546,4.0,3.95,3.95,3.95,3.6875,3.8666666666666663,3.7857142857142856,3.8181818181818175,3.8181818181818175,3.8181818181818175,3.8181818181818175,3.8,3.8,3.6666666666666665,3.875,3.8571428571428568,3.8571428571428568,3.8571428571428568,3.0,2.333333333333333,1.0,1.0,1.0,1.0,1.0,1.0,1.0,1.0,1.0,1.0
B001QTW2FK,h,4.133603238866397,4.128099173553719,4.125541125541125,4.147982062780269,4.136150234741784,4.103448275862069,4.104712041884817,4.101694915254237,4.136645962732919,4.126666666666667,4.1366906474820135,4.174603174603175,4.153846153846153,4.2075471698113205,4.2105263157894735,4.2298850574712645,4.197530864197532,4.1756756756756745,4.183098591549296,4.1940298507462686,4.089285714285714,4.150943396226415,4.127659574468085,4.121951219512195,4.105263157894736,4.151515151515151,4.125,4.0,4.0,3.8125,4.083333333333333,3.625,3.25,3.25,3.25,3.6666666666666665,3.6666666666666665,3.6666666666666665,3.6666666666666665,3.0,,,
B00JXQ06X8,h,3.8157894736842106,3.9032258064516134,4.0740740740740735,3.9583333333333335,4.0,4.066666666666666,4.4,4.714285714285714,5.0,5.0,,,,,,,,,,,,,,,,,,,,,,,,,,,,,,,,,
B0009XH6V4,h,4.238095238095238,4.207142857142856,4.212121212121212,4.1937984496124034,4.201612903225806,4.2100840336134455,4.226086956521739,4.216216216216216,4.285714285714286,4.264705882352942,4.247311827956989,4.224719101123595,4.2,4.278481012658228,4.25,4.28169014084507,4.338235294117647,4.380952380952381,4.366666666666666,4.358490566037736,4.446808510638298,4.456521739130435,4.431818181818182,4.45,4.435897435897437,4.371428571428571,4.424242424242424,4.4,4.481481481481481,4.391304347826087,4.421052631578949,4.375,4.2727272727272725,4.111111111111111,4.111111111111111,4.0,3.8571428571428568,3.8571428571428568,4.166666666666667,4.6,4.75,4.666666666666667,5.0
B00132ZG3U,h,4.26963906581741,4.261061946902655,4.261467889908257,4.262019230769232,4.273182957393484,4.257978723404255,4.2414772727272725,4.2317073170731705,4.222950819672132,4.23448275862069,4.227758007117438,4.220149253731344,4.22672064777328,4.269230769230768,4.278026905829597,4.273584905660377,4.292079207920792,4.2789473684210515,4.263736263736264,4.293413173652695,4.294871794871796,4.3040540540540535,4.350364963503648,4.346153846153847,4.330645161290323,4.3613445378151265,4.372727272727273,4.349514563106796,4.358695652173913,4.337662337662338,4.2615384615384615,4.2653061224489806,4.3243243243243255,4.379310344827586,4.181818181818182,4.222222222222221,4.125,4.125,4.076923076923077,4.0,4.0,3.8,4.25
B003V264WW,h,4.234714003944773,4.2510460251046025,4.256578947368421,4.258215962441315,4.2676399026763985,4.250645994832041,4.248603351955309,4.251497005988024,4.246835443037975,4.234323432343234,4.228070175438597,4.218181818181818,4.2,4.204819277108434,4.233333333333333,4.223684210526316,4.2304147465437785,4.2401960784313735,4.23,4.197860962566845,4.186440677966102,4.1497005988023945,4.196078431372549,4.255172413793104,4.279411764705882,4.312,4.304347826086956,4.270833333333333,4.282352941176471,4.213333333333333,4.149253731343284,4.0,3.8461538461538463,3.8125,3.703703703703704,3.4782608695652173,3.4285714285714284,3.5294117647058822,3.5294117647058822,3.625,3.6666666666666665,3.8,3.6666666666666665
B0027SU9JU,h,4.369863013698629,4.290322580645161,4.4363636363636365,4.411764705882354,4.413043478260869,4.333333333333333,4.482758620689656,4.458333333333333,4.5,4.411764705882354,4.357142857142857,4.363636363636363,4.3,4.3,4.222222222222221,4.222222222222221,4.222222222222221,4.222222222222221,3.8333333333333335,3.8333333333333335,3.8333333333333335,3.8333333333333335,3.8333333333333335,3.8333333333333335,3.8333333333333335,3.8333333333333335,3.6,4.25,5.0,5.0,5.0,,,,,,,,,,,,
B00006IV22,h,4.443037974683544,4.418439716312057,4.3839999999999995,4.3539823008849545,4.330188679245283,4.34,4.32258064516129,4.3,4.317647058823529,4.256410256410256,4.3478260869565215,4.283333333333333,4.267857142857143,4.333333333333333,4.288888888888889,4.3023255813953485,4.333333333333333,4.282051282051282,4.27027027027027,4.21875,4.178571428571429,4.148148148148148,4.043478260869565,4.0,3.947368421052632,3.941176470588236,3.941176470588236,3.941176470588236,3.933333333333333,3.9,3.888888888888889,4.285714285714286,4.0,3.333333333333333,3.333333333333333,2.5,2.5,2.5,2.5,2.5,4.0,4.0,4.0
B00BB8ZIW0,h,4.434782608695652,4.440476190476192,4.44,4.4444444444444455,4.466666666666667,4.4423076923076925,4.363636363636363,4.333333333333333,4.4,4.32258064516129,4.32258064516129,4.275862068965517,4.291666666666667,4.2727272727272725,4.2727272727272725,4.2727272727272725,4.2631578947368425,4.277777777777779,4.352941176470588,4.428571428571429,4.428571428571429,4.454545454545454,5.0,5.0,5.0,5.0,5.0,5.0,,,,,,,,,,,,,,,
B0026ZD0WM,h,4.42,4.404255319148937,4.466666666666667,4.441860465116279,4.487179487179487,4.5,4.5,4.580645161290323,4.566666666666666,4.62962962962963,4.615384615384615,4.6,4.545454545454546,4.526315789473684,4.588235294117646,4.588235294117646,4.6875,4.666666666666667,4.666666666666667,4.615384615384615,4.727272727272728,4.727272727272728,4.727272727272728,4.7,4.625,4.625,4.625,4.571428571428571,4.8,4.75,5.0,5.0,5.0,5.0,5.0,5.0,5.0,5.0,5.0,5.0,,,
B00092M2VO,h,4.2413793103448265,4.274336283185842,4.267857142857143,4.267857142857143,4.267857142857143,4.261682242990654,4.264150943396227,4.29126213592233,4.262626262626263,4.268041237113402,4.290322580645161,4.32183908045977,4.341463414634147,4.301369863013698,4.309859154929576,4.294117647058823,4.359375,4.383333333333334,4.345454545454547,4.34,4.372093023255814,4.341463414634147,4.333333333333333,4.421052631578949,4.4,4.393939393939394,4.375,4.354838709677419,4.333333333333333,4.25925925925926,4.2,4.157894736842104,4.076923076923077,3.9090909090909087,3.7777777777777777,3.6666666666666665,3.6666666666666665,3.4,3.4,3.0,3.0,2.333333333333333,2.333333333333333
B00SKQFT4I,h,4.597122302158273,4.633587786259542,4.682539682539684,4.706521739130435,4.703703703703703,4.846153846153847,,,,,,,,,,,,,,,,,,,,,,,,,,,,,,,,,,,,,
B00QNC39TI,h,4.473684210526316,4.285714285714286,4.25,4.5,5.0,,,,,,,,,,,,,,,,,,,,,,,,,,,,,,,,,,,,,,
B0009XH6TG,h,4.246543778801843,4.265060240963855,4.241206030150754,4.227979274611399,4.22872340425532,4.223140495867769,4.216763005780346,4.230769230769232,4.256410256410256,4.266666666666667,4.2456747404844295,4.223048327137547,4.2192307692307685,4.2073170731707314,4.190677966101695,4.1731601731601735,4.15,4.175879396984925,4.1530054644808745,4.155688622754491,4.132911392405063,4.121621621621622,4.139705882352942,4.1317829457364335,4.145299145299147,4.191304347826087,4.201834862385321,4.212121212121212,4.1914893617021285,4.218390804597702,4.148648648648647,4.175438596491228,4.227272727272728,4.297297297297297,4.193548387096774,4.296296296296297,4.260869565217392,4.368421052631579,4.2,3.888888888888889,4.428571428571429,4.666666666666667,4.6
B00092M2XW,h,3.84375,3.9,4.037037037037037,4.153846153846153,4.043478260869565,4.0,4.0,4.0,3.947368421052632,4.0588235294117645,4.0588235294117645,4.125,4.0,4.0,3.9,3.9,4.125,4.0,4.0,4.0,3.8333333333333335,3.8333333333333335,3.8333333333333335,3.8333333333333335,3.8333333333333335,3.8333333333333335,3.8333333333333335,3.6,4.0,3.6666666666666665,2.0,2.0,2.0,2.0,2.0,,,,,,,,
B0002G214U,h,3.682432432432433,3.675862068965517,3.6666666666666665,3.6666666666666665,3.6567164179104483,3.640625,3.613445378151261,3.5535714285714284,3.547169811320755,3.5247524752475248,3.4787234042553186,3.4222222222222216,3.438202247191011,3.4074074074074074,3.3974358974358974,3.4,3.3768115942028984,3.2539682539682535,3.2203389830508478,3.1320754716981134,3.0612244897959178,3.0869565217391304,3.0731707317073167,3.051282051282051,2.888888888888889,2.9428571428571435,2.96875,2.821428571428572,2.888888888888889,3.05,2.9473684210526314,2.272727272727273,2.0,1.375,1.4285714285714286,1.6,1.6,1.75,2.0,2.0,2.0,3.0,
B007ROD3AG,h,4.305882352941176,4.346153846153847,4.35064935064935,4.305555555555555,4.2898550724637685,4.3125,4.283333333333333,4.222222222222221,4.25,4.227272727272728,4.128205128205129,4.057142857142857,4.071428571428571,3.96,4.0,4.0,3.888888888888889,3.6428571428571432,3.4545454545454546,3.555555555555556,3.875,3.7142857142857135,3.5,3.2,2.75,2.75,2.333333333333333,2.333333333333333,2.333333333333333,2.333333333333333,2.333333333333333,2.333333333333333,1.0,1.0,1.0,1.0,,,,,,,
B003VZS9NG,h,3.8947368421052633,3.8235294117647056,3.8235294117647056,3.8235294117647056,3.8235294117647056,3.7142857142857135,3.7142857142857135,3.7142857142857135,3.7142857142857135,3.7142857142857135,3.9230769230769234,3.8333333333333335,3.727272727272727,3.727272727272727,3.727272727272727,3.727272727272727,3.9,3.9,3.7777777777777777,3.7777777777777777,3.7777777777777777,3.7777777777777777,4.428571428571429,4.428571428571429,4.428571428571429,4.428571428571429,4.428571428571429,4.428571428571429,4.428571428571429,5.0,5.0,5.0,5.0,5.0,5.0,5.0,5.0,,,,,,
B006BNFXHU,h,4.625,4.645161290322581,4.645161290322581,4.645161290322581,4.645161290322581,4.633333333333334,4.666666666666667,4.666666666666667,4.653846153846153,4.64,4.64,4.666666666666667,4.666666666666667,4.666666666666667,4.666666666666667,4.666666666666667,4.666666666666667,4.652173913043479,4.652173913043479,4.652173913043479,4.652173913043479,4.652173913043479,4.652173913043479,4.652173913043479,4.652173913043479,4.652173913043479,4.652173913043479,4.652173913043479,4.652173913043479,4.652173913043479,4.652173913043479,4.636363636363637,4.6190476190476195,4.6190476190476195,4.6190476190476195,4.6190476190476195,4.6190476190476195,4.65,4.684210526315789,4.666666666666667,4.642857142857143,4.583333333333333,
B00O0WRO08,h,4.552631578947368,4.514285714285714,4.541666666666667,4.45,4.375,4.25,4.0,4.0,4.0,,,,,,,,,,,,,,,,,,,,,,,,,,,,,,,,,,
B00MMRFUG8,h,4.8,5.0,5.0,5.0,5.0,5.0,5.0,,,,,,,,,,,,,,,,,,,,,,,,,,,,,,,,,,,,
B001UE7D2I,h,3.938271604938272,3.9291666666666663,3.9444444444444446,3.9339207048458147,3.932432432432433,3.897560975609756,3.8763440860215055,3.8728323699421967,3.925,3.931034482758621,3.9852941176470584,3.918032786885246,3.931623931623931,3.9150943396226414,3.938144329896907,3.9069767441860463,3.902439024390244,3.945205479452055,3.8840579710144927,3.9193548387096775,3.929824561403509,3.9,3.7906976744186047,3.725,3.6216216216216215,3.5862068965517233,3.7407407407407414,3.8571428571428568,4.0,3.8235294117647056,3.9375,4.142857142857143,4.0,4.0,4.0,3.888888888888889,4.166666666666667,4.2,3.6666666666666665,5.0,5.0,5.0,5.0
B0040VGR3Y,h,4.571428571428571,4.5555555555555545,4.538461538461538,4.5,4.5,4.5,4.652173913043479,4.681818181818182,4.65,4.65,4.65,4.631578947368421,4.5625,4.533333333333333,4.5,4.583333333333333,4.5,4.4444444444444455,4.4444444444444455,4.375,4.375,4.375,4.375,4.375,4.428571428571429,4.428571428571429,4.428571428571429,4.4,4.4,4.5,4.333333333333333,4.333333333333333,4.333333333333333,4.0,4.0,4.0,4.0,4.0,3.0,3.0,,,
B000FS1W4U,h,4.069306930693069,4.090909090909091,4.113402061855671,4.148936170212766,4.133333333333334,4.085365853658536,4.014084507042254,4.047619047619048,3.9444444444444446,3.744186046511628,3.6,3.4516129032258065,3.4,3.4166666666666665,3.4545454545454546,3.4545454545454546,3.3684210526315788,3.1764705882352944,2.933333333333333,2.933333333333333,2.933333333333333,3.2307692307692313,3.2307692307692313,3.2307692307692313,3.2307692307692313,3.1818181818181817,3.1818181818181817,3.1818181818181817,3.2222222222222223,2.7142857142857144,2.7142857142857144,2.0,1.0,1.0,1.0,1.0,1.0,1.0,1.0,1.0,1.0,1.0,
B003ICX810,h,4.119047619047619,4.2105263157894735,4.25,4.25,4.228571428571429,4.228571428571429,4.225806451612904,4.172413793103448,4.115384615384615,4.16,4.260869565217392,4.2727272727272725,4.25,4.2105263157894735,4.166666666666667,4.125,4.0,4.153846153846153,4.416666666666667,4.3,4.3,4.333333333333333,4.333333333333333,4.428571428571429,4.428571428571429,4.428571428571429,4.428571428571429,4.333333333333333,4.333333333333333,4.4,4.25,5.0,5.0,5.0,5.0,5.0,5.0,,,,,,
B001UE7D3C,h,3.95,3.8333333333333335,3.7647058823529416,3.7647058823529416,3.6,3.6,3.7857142857142856,3.7857142857142856,3.692307692307693,3.4545454545454546,3.7,3.7,3.7,3.7,3.7,3.555555555555556,3.555555555555556,3.555555555555556,3.875,3.875,3.875,4.142857142857143,4.5,4.4,4.25,4.0,4.0,4.5,4.5,4.5,5.0,5.0,5.0,,,,,,,,,,
B0012DL8B4,h,4.1466666666666665,4.111111111111111,4.085714285714285,4.0724637681159415,4.03030303030303,4.05,4.101694915254237,4.188679245283018,4.270833333333333,4.270833333333333,4.311111111111111,4.25,4.2727272727272725,4.275862068965517,4.296296296296297,4.346153846153847,4.32,4.571428571428571,4.578947368421051,4.529411764705882,4.5,4.5,4.416666666666667,4.545454545454546,4.545454545454546,4.6,4.666666666666667,4.625,4.625,4.571428571428571,4.5,4.4,5.0,5.0,5.0,5.0,5.0,5.0,5.0,5.0,5.0,5.0,
B001LQY1X4,h,4.086021505376344,4.076923076923077,4.080459770114944,4.120481927710843,4.089743589743589,3.9857142857142858,4.045454545454546,4.016666666666667,4.0,3.946428571428572,3.962264150943396,3.9166666666666665,3.8837209302325584,3.8809523809523814,3.8536585365853657,3.825,3.864864864864865,3.9117647058823533,3.9117647058823533,3.9117647058823533,3.878787878787879,3.875,3.875,3.875,3.838709677419355,3.7586206896551726,3.703703703703704,3.8181818181818175,3.952380952380953,3.95,4.055555555555555,4.0,4.0,4.0,4.083333333333333,4.083333333333333,4.083333333333333,4.3,4.375,4.6,4.5,4.0,4.0
B00092M2X2,h,3.7924528301886786,3.7647058823529416,3.755102040816327,3.787234042553192,3.8139534883720936,3.809523809523809,3.6756756756756763,3.6764705882352944,3.806451612903226,3.814814814814815,3.7692307692307687,3.72,3.8333333333333335,3.782608695652174,3.727272727272727,3.684210526315789,3.5294117647058822,3.5294117647058822,3.4375,3.333333333333333,3.3076923076923075,3.1666666666666665,3.1666666666666665,3.1666666666666665,3.1666666666666665,3.1818181818181817,3.3,3.3,3.4444444444444446,3.4444444444444446,3.25,2.6,3.6666666666666665,3.6666666666666665,3.6666666666666665,3.0,5.0,5.0,5.0,5.0,5.0,5.0,5.0
B000BLNUPU,h,3.5,3.6190476190476186,3.55,3.611111111111111,3.7647058823529416,3.7647058823529416,3.6666666666666665,3.6666666666666665,3.6666666666666665,3.6666666666666665,3.0,3.333333333333333,3.333333333333333,1.0,,,,,,,,,,,,,,,,,,,,,,,,,,,,,
B00CC7Y0G4,h,4.344827586206897,4.333333333333333,4.321428571428571,4.3090909090909095,4.339622641509433,4.326923076923077,4.285714285714286,4.3478260869565215,4.380952380952381,4.35,4.352941176470588,4.307692307692308,4.304347826086956,4.066666666666666,4.066666666666666,3.9230769230769234,3.888888888888889,3.888888888888889,4.0,3.25,4.0,4.0,4.0,4.0,4.0,,,,,,,,,,,,,,,,,,
B000YDMM2M,h,4.0,3.5,3.5,3.5,3.5,3.5,3.5,3.5,3.5,3.5,3.5,3.5,3.5,3.5,3.5,3.5,3.5,3.5,5.0,5.0,5.0,5.0,5.0,,,,,,,,,,,,,,,,,,,,
B000065DJY,h,3.7983870967741935,3.858333333333333,3.8559322033898304,3.844827586206896,3.8672566371681416,3.863636363636364,3.7755102040816326,3.6590909090909087,3.5657894736842106,3.5774647887323945,3.5454545454545454,3.466666666666667,3.4576271186440684,3.421052631578948,3.333333333333333,3.3,3.3,3.1777777777777776,3.282051282051282,3.333333333333333,3.125,3.103448275862069,2.9230769230769234,3.1739130434782608,3.15,3.15,3.15,3.263157894736842,3.1764705882352944,3.3125,3.3125,3.4285714285714284,3.1666666666666665,3.272727272727273,3.272727272727273,3.5,3.7142857142857135,3.5,3.2,2.75,2.333333333333333,3.0,
B0037MFCHE,h,4.071428571428571,4.057971014492754,4.102941176470588,4.136363636363637,4.136363636363637,4.136363636363637,4.138461538461539,4.111111111111111,4.096774193548387,4.096774193548387,4.133333333333334,4.189655172413794,4.192982456140351,4.232142857142857,4.232142857142857,4.203703703703703,4.2075471698113205,4.24,4.2340425531914905,4.261904761904762,4.2926829268292686,4.307692307692308,4.342105263157896,4.314285714285714,4.3,4.285714285714286,4.269230769230768,4.208333333333333,4.4,4.4,4.3125,4.363636363636363,4.25,4.25,4.428571428571429,4.428571428571429,4.428571428571429,4.428571428571429,5.0,5.0,5.0,5.0,5.0
B0008ENT8I,h,3.9696969696969697,3.967741935483871,3.966666666666667,3.966666666666667,3.983050847457627,4.017543859649122,4.0,3.962264150943396,3.9615384615384617,3.9615384615384617,3.9795918367346936,3.9583333333333335,3.86046511627907,3.829268292682927,3.9,3.861111111111111,3.861111111111111,3.861111111111111,3.852941176470588,3.7666666666666666,3.8928571428571432,3.8846153846153846,3.875,3.954545454545455,4.0,4.066666666666666,4.0,4.0,4.0,4.222222222222221,4.2,5.0,5.0,5.0,,,,,,,,,
B00065AFFE,h,4.266666666666667,4.269230769230768,4.24,4.291666666666667,4.291666666666667,4.291666666666667,4.260869565217392,4.260869565217392,4.260869565217392,4.2727272727272725,4.2727272727272725,4.2727272727272725,4.238095238095238,4.238095238095238,4.238095238095238,4.368421052631579,4.333333333333333,4.25,4.25,4.25,4.3,4.125,4.142857142857143,4.0,4.0,4.0,4.0,4.6,4.6,4.6,4.666666666666667,4.666666666666667,4.5,4.5,4.5,4.5,4.0,4.0,,,,,
B0037MKQE8,h,4.235294117647058,4.303030303030303,4.303030303030303,4.28125,4.28125,4.28125,4.28125,4.28125,4.32258064516129,4.32258064516129,4.32258064516129,4.32258064516129,4.32258064516129,4.344827586206897,4.333333333333333,4.458333333333333,4.380952380952381,4.388888888888889,4.411764705882354,4.285714285714286,4.4,4.375,4.375,4.285714285714286,4.166666666666667,4.166666666666667,4.166666666666667,4.166666666666667,4.166666666666667,4.666666666666667,4.666666666666667,4.5,4.0,4.0,4.0,4.0,4.0,4.0,4.0,4.0,4.0,4.0,4.0
B000IF3D38,h,4.238095238095238,4.243902439024391,4.225,4.205128205128204,4.147058823529412,4.066666666666666,4.04,4.043478260869565,4.045454545454546,4.0,3.95,3.9444444444444446,3.882352941176471,3.882352941176471,3.8666666666666663,3.8571428571428568,3.75,3.75,3.75,3.75,3.75,3.727272727272727,3.727272727272727,3.727272727272727,3.727272727272727,3.6,3.6,3.7777777777777777,3.7777777777777777,3.625,3.625,3.4285714285714284,3.4285714285714284,3.4285714285714284,3.8333333333333335,3.8333333333333335,3.8333333333333335,4.0,5.0,5.0,5.0,5.0,
B002GQMTAK,h,2.8717948717948723,2.888888888888889,2.8823529411764706,2.9393939393939394,3.0645161290322585,3.0645161290322585,3.2222222222222223,3.2222222222222223,3.32,3.1739130434782608,3.1052631578947367,2.933333333333333,2.8461538461538463,2.8181818181818183,2.6,2.6,2.6,2.6,2.7777777777777777,2.5,2.5,2.5,2.5,2.5,2.142857142857143,2.142857142857143,1.8333333333333333,1.8333333333333333,1.8333333333333333,1.8,1.8,1.8,1.8,2.0,2.0,2.0,2.0,2.0,2.0,2.0,2.0,1.0,
B002MHW4MG,h,4.025,3.9459459459459465,3.882352941176471,3.838709677419355,3.7857142857142856,3.7407407407407414,3.7407407407407414,3.695652173913044,3.571428571428572,3.571428571428572,3.571428571428572,3.7,3.555555555555556,3.4705882352941178,3.375,3.375,3.2666666666666666,3.2666666666666666,3.2666666666666666,3.0769230769230766,3.0769230769230766,3.25,3.0909090909090913,2.75,2.75,2.4285714285714284,2.4285714285714284,2.4285714285714284,2.4285714285714284,2.0,2.0,2.0,2.0,2.25,2.25,2.0,2.0,2.0,3.0,3.0,3.0,3.0,
B00APV7OWG,h,4.3059701492537314,4.295454545454546,4.297709923664122,4.325581395348837,4.325581395348837,4.3700787401574805,4.3700787401574805,4.3919999999999995,4.387096774193549,4.411764705882354,4.396551724137931,4.445454545454545,4.49,4.474226804123711,4.512195121951219,4.54054054054054,4.534246575342466,4.557142857142857,4.575757575757576,4.592592592592593,4.622222222222222,4.7368421052631575,4.655172413793104,4.904761904761905,4.894736842105263,4.882352941176472,4.75,5.0,5.0,,,,,,,,,,,,,,
B0017WNHYG,h,4.666666666666667,4.625,4.590909090909091,4.55,4.5555555555555545,4.6875,4.6875,4.642857142857143,4.615384615384615,4.666666666666667,4.636363636363637,4.5555555555555545,4.5,4.333333333333333,4.333333333333333,5.0,5.0,5.0,5.0,5.0,5.0,5.0,5.0,5.0,5.0,5.0,5.0,5.0,5.0,5.0,5.0,5.0,5.0,5.0,5.0,,,,,,,,
B001L0EDGK,h,4.8125,4.8,4.8,4.8,4.769230769230768,4.7,4.666666666666667,4.625,4.571428571428571,4.5,4.6,4.6,4.6,4.6,4.6,4.6,4.6,4.6,4.6,4.6,4.5,4.5,4.5,4.5,5.0,5.0,5.0,5.0,5.0,5.0,5.0,5.0,,,,,,,,,,,
B0009XH6UU,h,4.358490566037736,4.372549019607844,4.376237623762377,4.37,4.377551020408164,4.351063829787234,4.373626373626373,4.404761904761905,4.4605263157894735,4.450704225352113,4.470588235294118,4.4375,4.457627118644068,4.4363636363636365,4.4363636363636365,4.4423076923076925,4.42,4.4444444444444455,4.418604651162791,4.390243902439025,4.461538461538462,4.4324324324324325,4.382352941176471,4.363636363636363,4.363636363636363,4.310344827586206,4.25925925925926,4.142857142857143,4.1,4.0588235294117645,4.0,4.0,3.75,3.8,3.8,3.8333333333333335,4.25,4.25,4.25,4.25,4.0,4.0,4.0
B001AFFBCG,h,4.152542372881356,4.096153846153847,4.170212765957447,4.136363636363637,4.097560975609756,4.157894736842104,4.142857142857143,4.137931034482759,4.076923076923077,4.041666666666667,4.041666666666667,3.954545454545455,4.095238095238095,4.0,4.117647058823529,4.125,4.125,4.2,4.142857142857143,4.142857142857143,4.142857142857143,4.384615384615385,4.384615384615385,4.384615384615385,4.333333333333333,4.6,4.428571428571429,5.0,5.0,5.0,5.0,5.0,5.0,5.0,5.0,5.0,5.0,5.0,5.0,5.0,5.0,5.0,5.0
B0009PL4D8,h,4.689655172413794,4.678571428571429,4.6923076923076925,4.68,4.636363636363637,4.65,4.631578947368421,4.588235294117646,4.5625,4.533333333333333,4.5,4.5,4.416666666666667,4.416666666666667,4.416666666666667,4.416666666666667,4.3,4.3,4.3,4.3,4.25,4.25,4.25,4.25,4.25,4.25,4.25,4.333333333333333,4.25,4.25,4.25,4.25,4.0,4.0,4.0,4.0,4.0,3.5,5.0,5.0,5.0,,
B003VZNCQK,h,3.6666666666666665,3.7407407407407414,3.8333333333333335,3.782608695652174,3.727272727272727,3.8571428571428568,3.8235294117647056,3.8,3.8,3.8,3.8,3.8,4.153846153846153,4.153846153846153,4.153846153846153,4.416666666666667,4.636363636363637,4.636363636363637,4.636363636363637,4.636363636363637,4.636363636363637,4.6,4.6,4.6,4.6,4.6,4.625,4.857142857142857,4.857142857142857,4.833333333333333,5.0,5.0,5.0,5.0,5.0,5.0,5.0,,,,,,
B00A7JA72U,h,4.566666666666666,4.592592592592593,4.64,4.64,4.75,4.705882352941177,4.666666666666667,4.6923076923076925,4.6923076923076925,4.636363636363637,4.6,5.0,5.0,5.0,5.0,5.0,5.0,5.0,5.0,5.0,,,,,,,,,,,,,,,,,,,,,,,
B000S8JB36,h,4.458333333333333,4.434782608695652,4.454545454545454,4.428571428571429,4.333333333333333,4.357142857142857,4.181818181818182,4.0,4.166666666666667,4.166666666666667,4.666666666666667,,,,,,,,,,,,,,,,,,,,,,,,,,,,,,,,
B00JH2C3DE,h,4.512195121951219,4.487179487179487,4.472222222222221,4.433333333333334,4.433333333333334,4.37037037037037,4.227272727272728,4.105263157894736,4.583333333333333,4.666666666666667,4.666666666666667,,,,,,,,,,,,,,,,,,,,,,,,,,,,,,,,
B000BFJJ7E,h,3.2413793103448274,3.321428571428572,3.321428571428572,3.321428571428572,3.321428571428572,3.321428571428572,3.333333333333333,3.333333333333333,3.333333333333333,3.333333333333333,3.333333333333333,3.3846153846153846,3.3846153846153846,3.36,3.458333333333333,3.458333333333333,3.565217391304348,3.6190476190476186,3.75,3.7647058823529416,3.7647058823529416,3.9375,3.7857142857142856,3.7857142857142856,3.9166666666666665,3.8181818181818175,3.9,3.9,4.0,4.0,4.0,3.8333333333333335,3.25,3.25,3.5,3.5,3.5,2.0,2.0,2.0,2.0,2.0,2.0
B00JQIAUDY,h,3.946428571428572,3.92156862745098,3.8979591836734695,4.0,4.0,4.0,3.9642857142857135,4.176470588235294,4.071428571428571,3.625,4.0,3.0,5.0,,,,,,,,,,,,,,,,,,,,,,,,,,,,,,
B005IH0KDC,h,3.96,3.9166666666666665,3.9166666666666665,3.8181818181818175,3.8181818181818175,3.761904761904762,4.052631578947368,4.166666666666667,4.352941176470588,4.352941176470588,4.375,4.375,4.333333333333333,4.545454545454546,4.5,4.5,4.777777777777779,4.75,4.75,4.75,4.75,4.75,4.75,4.75,4.75,4.75,4.75,4.75,4.75,4.75,4.666666666666667,4.5,4.333333333333333,4.333333333333333,5.0,5.0,5.0,5.0,5.0,5.0,5.0,,
B002BFX6EO,h,4.557692307692308,4.54,4.54,4.54,4.591836734693878,4.583333333333333,4.565217391304348,4.523809523809524,4.55,4.552631578947368,4.5555555555555545,4.676470588235294,4.78125,4.774193548387096,4.833333333333333,4.833333333333333,4.827586206896552,4.827586206896552,4.827586206896552,4.791666666666667,4.904761904761905,4.9,4.894736842105263,4.857142857142857,4.857142857142857,4.846153846153847,4.916666666666667,4.9,4.9,4.9,4.875,4.875,5.0,5.0,5.0,5.0,5.0,5.0,5.0,5.0,5.0,5.0,5.0
B00RPL1W4U,h,4.052631578947368,4.222222222222221,4.222222222222221,4.222222222222221,4.461538461538462,4.857142857142857,5.0,,,,,,,,,,,,,,,,,,,,,,,,,,,,,,,,,,,,
B000H0XV3G,h,4.0495049504950495,4.05050505050505,4.052083333333333,4.08421052631579,4.045454545454546,4.0705882352941165,4.095238095238095,4.146341463414634,4.166666666666667,4.115942028985507,4.196969696969697,4.2,4.190476190476192,4.17741935483871,4.180327868852459,4.2586206896551735,4.267857142857143,4.326923076923077,4.276595744680851,4.1951219512195115,4.1951219512195115,4.1951219512195115,4.2,4.085714285714285,4.03125,4.03125,4.0,3.888888888888889,3.8846153846153846,3.8,3.3571428571428568,3.5,3.4,4.0,4.0,4.0,4.0,4.0,4.0,4.0,4.0,4.0,4.0
B002B8VE4U,h,3.934782608695652,3.933333333333333,3.9662921348314613,3.952941176470589,3.938271604938272,3.9620253164556964,3.972972972972973,3.927536231884058,3.953125,3.936507936507936,3.967741935483871,4.0344827586206895,3.962962962962963,4.083333333333333,4.0638297872340425,4.045454545454546,4.135135135135135,4.114285714285714,4.117647058823529,3.962962962962963,3.92,3.9166666666666665,3.809523809523809,3.8333333333333335,4.0,4.0,3.8333333333333335,3.727272727272727,3.888888888888889,4.0,3.8333333333333335,3.8,4.25,4.0,3.5,3.5,5.0,,,,,,
B003TQPRGY,h,4.271028037383179,4.307692307692308,4.32,4.3125,4.336956521739131,4.3296703296703285,4.314606741573034,4.3086419753086425,4.30379746835443,4.294871794871796,4.283783783783784,4.305555555555555,4.391304347826087,4.382352941176471,4.393939393939394,4.40625,4.396825396825397,4.396825396825397,4.396825396825397,4.383333333333334,4.423728813559323,4.421052631578949,4.410714285714286,4.407407407407407,4.39622641509434,4.38,4.395833333333333,4.425531914893617,4.413043478260869,4.5151515151515165,4.5,4.333333333333333,3.0,1.0,1.0,1.0,1.0,1.0,1.0,1.0,1.0,,
B0001B86HM,h,3.727272727272727,3.716216216216216,3.63768115942029,3.632352941176471,3.6,3.6779661016949152,3.7222222222222223,3.75,3.84,3.8979591836734695,3.9361702127659575,3.9361702127659575,3.86046511627907,3.842105263157895,3.810810810810811,3.7647058823529416,3.7647058823529416,3.727272727272727,3.727272727272727,3.71875,3.7857142857142856,3.814814814814815,3.814814814814815,3.8461538461538463,3.8461538461538463,3.8461538461538463,3.761904761904762,3.611111111111111,3.5294117647058822,3.333333333333333,3.3846153846153846,3.0,3.0,2.8571428571428568,2.8571428571428568,3.6666666666666665,5.0,5.0,5.0,5.0,5.0,5.0,5.0
B0089TDTWK,h,3.959183673469388,3.9787234042553186,3.9777777777777783,3.9777777777777783,4.023255813953488,3.975609756097561,4.027777777777779,4.129032258064516,4.107142857142857,4.1923076923076925,4.217391304347826,4.142857142857143,4.142857142857143,4.2,4.2,4.2,4.157894736842104,4.166666666666667,4.166666666666667,4.25,4.2,4.2,4.142857142857143,4.153846153846153,4.153846153846153,4.153846153846153,4.083333333333333,4.111111111111111,4.5,4.571428571428571,4.571428571428571,5.0,,,,,,,,,,,
B002NGMEPI,h,3.2,3.2142857142857144,3.3076923076923075,3.3076923076923075,3.3076923076923075,3.3076923076923075,3.3076923076923075,3.333333333333333,3.4545454545454546,3.4545454545454546,3.4545454545454546,3.4545454545454546,3.4545454545454546,3.4545454545454546,3.4545454545454546,3.4545454545454546,3.4,3.4,3.4,3.4,3.4,3.2222222222222223,3.2222222222222223,3.2222222222222223,3.2222222222222223,3.2222222222222223,3.0,2.8571428571428568,2.8571428571428568,2.8571428571428568,2.8571428571428568,2.5,2.5,2.5,2.5,2.5,3.0,3.0,2.0,2.0,2.0,,
B000V3URNG,h,3.8181818181818175,3.8837209302325584,3.8837209302325584,3.8837209302325584,3.952380952380953,3.952380952380953,3.952380952380953,3.9268292682926833,3.8717948717948723,3.8717948717948723,3.7714285714285714,3.852941176470588,3.939393939393939,4.0,4.0,3.966666666666667,3.966666666666667,3.966666666666667,3.966666666666667,3.966666666666667,3.9655172413793114,3.9655172413793114,3.96,3.9166666666666665,4.0,4.0,4.1,4.105263157894736,4.0,4.071428571428571,4.166666666666667,3.888888888888889,3.75,3.571428571428572,3.571428571428572,3.571428571428572,3.571428571428572,3.571428571428572,3.4,3.0,4.0,4.0,5.0
B00TA1JX3A,h,4.483870967741935,4.566666666666666,4.75,4.8,4.818181818181818,5.0,5.0,,,,,,,,,,,,,,,,,,,,,,,,,,,,,,,,,,,,
B0009XH6VY,h,3.727272727272727,4.0,4.0,4.0,4.0,4.0,4.0,4.0,4.0,4.0,4.0,4.0,3.8571428571428568,3.8571428571428568,3.8571428571428568,3.8571428571428568,3.8571428571428568,4.0,4.0,4.0,4.0,4.0,4.0,4.0,4.0,3.8,3.0,3.0,3.0,3.0,4.0,4.0,,,,,,,,,,,
B001UE7D3M,h,2.6666666666666665,2.2,2.2,1.5,1.6666666666666667,1.6666666666666667,1.6666666666666667,2.0,2.0,2.0,2.0,2.0,2.0,2.0,2.0,2.0,2.0,2.0,2.0,2.0,2.0,2.0,2.0,2.0,2.0,2.0,2.0,2.0,2.0,2.0,1.0,,,,,,,,,,,,
B007O385QC,h,4.6,4.652173913043479,4.652173913043479,4.636363636363637,4.636363636363637,4.6190476190476195,4.666666666666667,4.6875,4.615384615384615,4.777777777777779,4.777777777777779,4.75,4.75,4.75,4.714285714285714,4.714285714285714,4.714285714285714,4.714285714285714,4.714285714285714,4.666666666666667,4.75,5.0,5.0,5.0,5.0,5.0,5.0,5.0,5.0,5.0,5.0,,,,,,,,,,,,
B000XE6C3M,h,4.194444444444445,4.228571428571429,4.323529411764706,4.40625,4.407407407407407,4.36,4.36,4.333333333333333,4.333333333333333,4.304347826086956,4.2,4.333333333333333,4.333333333333333,4.333333333333333,4.333333333333333,4.333333333333333,4.333333333333333,4.470588235294118,4.357142857142857,4.25,4.25,4.25,4.2,4.2,4.111111111111111,4.375,4.8,5.0,5.0,5.0,,,,,,,,,,,,,
B00070E8IS,h,4.311320754716982,4.3,4.336956521739131,4.370786516853934,4.418604651162791,4.367088607594937,4.371428571428571,4.333333333333333,4.377049180327869,4.372881355932203,4.352941176470588,4.38,4.4444444444444455,4.488372093023256,4.45,4.461538461538462,4.4444444444444455,4.470588235294118,4.4848484848484835,4.46875,4.551724137931036,4.551724137931036,4.518518518518519,4.458333333333333,4.454545454545454,4.454545454545454,4.368421052631579,4.411764705882354,4.411764705882354,4.411764705882354,4.4,4.4444444444444455,4.428571428571429,4.25,3.5,3.0,3.0,3.0,3.0,3.0,3.0,3.0,3.0
B00P88VPKS,h,4.795454545454546,4.837209302325581,4.829268292682927,4.815789473684211,4.815789473684211,4.828571428571427,4.909090909090909,5.0,5.0,,,,,,,,,,,,,,,,,,,,,,,,,,,,,,,,,,
B00VRN7SB8,h,2.0,,,,,,,,,,,,,,,,,,,,,,,,,,,,,,,,,,,,,,,,,,
B0018BXH1Y,h,3.947368421052632,3.9444444444444446,3.882352941176471,4.0625,3.928571428571429,3.928571428571429,3.928571428571429,3.928571428571429,3.928571428571429,3.928571428571429,3.75,3.727272727272727,3.727272727272727,3.727272727272727,3.555555555555556,3.555555555555556,3.4285714285714284,3.4285714285714284,3.4285714285714284,3.4285714285714284,3.4285714285714284,3.8,4.5,4.5,4.5,4.5,4.5,4.5,4.5,5.0,5.0,,,,,,,,,,,,
B00MEBKQ8E,h,4.777777777777779,4.75,4.714285714285714,4.6,4.5,4.0,,,,,,,,,,,,,,,,,,,,,,,,,,,,,,,,,,,,,
B001UE7D46,h,3.7857142857142856,3.692307692307693,3.636363636363636,3.636363636363636,3.7,3.555555555555556,3.555555555555556,3.555555555555556,3.375,3.1428571428571432,3.1428571428571432,3.5,4.0,4.0,4.0,4.0,4.0,4.0,4.0,4.0,4.0,4.0,4.0,4.0,4.0,4.0,5.0,5.0,5.0,5.0,5.0,5.0,5.0,5.0,5.0,5.0,5.0,5.0,5.0,5.0,5.0,5.0,
B001UE7D3W,h,4.434782608695652,4.590909090909091,4.590909090909091,4.590909090909091,4.590909090909091,4.526315789473684,4.5,4.4375,4.4375,4.4375,4.357142857142857,4.307692307692308,4.307692307692308,4.307692307692308,4.181818181818182,4.181818181818182,4.181818181818182,4.1,4.111111111111111,4.111111111111111,4.0,4.0,4.0,4.2,4.2,4.0,4.0,4.0,4.0,4.0,3.5,3.5,3.5,3.5,3.5,3.5,3.5,3.5,3.5,3.5,3.5,2.0,
B007PM4M3M,h,3.9,3.8947368421052633,3.8947368421052633,4.055555555555555,4.0,3.9375,4.071428571428571,4.307692307692308,4.181818181818182,4.181818181818182,4.181818181818182,4.5,4.5,4.4444444444444455,4.4444444444444455,4.625,4.714285714285714,4.714285714285714,4.714285714285714,4.714285714285714,4.714285714285714,4.666666666666667,4.6,4.75,5.0,5.0,5.0,5.0,5.0,5.0,,,,,,,,,,,,,
B00MFBGATM,h,4.666666666666667,4.666666666666667,4.5555555555555545,4.833333333333333,4.8,5.0,5.0,,,,,,,,,,,,,,,,,,,,,,,,,,,,,,,,,,,,
B001BOFISS,h,4.045454545454546,4.045454545454546,4.052631578947368,4.052631578947368,4.111111111111111,4.0,4.214285714285714,4.461538461538462,4.363636363636363,4.3,4.333333333333333,4.333333333333333,4.333333333333333,4.75,4.714285714285714,4.714285714285714,4.666666666666667,4.8,4.8,4.75,4.75,4.666666666666667,4.666666666666667,4.666666666666667,5.0,5.0,5.0,,,,,,,,,,,,,,,,
B000R80ZTQ,h,4.220640569395019,4.220640569395019,4.217857142857143,4.215827338129497,4.210144927536232,4.208791208791209,4.205992509363297,4.198473282442748,4.198443579766537,4.196850393700787,4.188,4.1728395061728385,4.1731601731601735,4.153488372093023,4.152709359605911,4.1139896373057,4.076923076923077,4.053254437869822,4.0375,4.033783783783784,4.022556390977444,4.024193548387096,4.0256410256410255,4.037037037037037,4.019607843137255,4.0,4.067415730337078,4.135802469135802,4.1,4.142857142857143,4.142857142857143,4.2340425531914905,4.078947368421051,3.9696969696969697,3.9696969696969697,4.0344827586206895,4.035714285714286,4.0,4.0625,4.1,3.8333333333333335,3.8333333333333335,5.0
B00440ZZKW,h,3.4871794871794872,3.4871794871794872,3.5405405405405403,3.5882352941176467,3.5882352941176467,3.5882352941176467,3.5454545454545454,3.5454545454545454,3.625,3.5806451612903225,3.5172413793103448,3.4642857142857144,3.4230769230769234,3.48,3.4782608695652173,3.571428571428572,3.571428571428572,3.5,3.5,3.5263157894736836,3.466666666666667,3.7692307692307687,3.6666666666666665,3.6666666666666665,3.5454545454545454,3.8,4.111111111111111,4.0,3.8333333333333335,3.6,3.5,3.5,4.333333333333333,4.333333333333333,3.0,3.0,,,,,,,
B00FZQ0H0C,h,4.5,4.5,,,,,,,,,,,,,,,,,,,,,,,,,,,,,,,,,,,,,,,,,
B001UHN0OA,h,4.224489795918367,4.224489795918367,4.291666666666667,4.291666666666667,4.372093023255814,4.365853658536587,4.365853658536587,4.365853658536587,4.365853658536587,4.375,4.375,4.3589743589743595,4.405405405405405,4.424242424242424,4.4375,4.419354838709677,4.419354838709677,4.419354838709677,4.517241379310344,4.5,4.44,4.521739130434782,4.521739130434782,4.521739130434782,4.521739130434782,4.476190476190476,4.476190476190476,4.631578947368421,4.588235294117646,4.5,4.363636363636363,4.222222222222221,4.0,4.0,4.0,4.2,4.2,5.0,5.0,,,,
B0099RKYEM,h,4.741935483870968,4.741935483870968,4.724137931034483,4.724137931034483,4.724137931034483,4.7407407407407405,4.904761904761905,4.875,5.0,5.0,5.0,5.0,5.0,5.0,5.0,5.0,5.0,5.0,5.0,5.0,5.0,5.0,5.0,5.0,5.0,5.0,5.0,5.0,,,,,,,,,,,,,,,
B000IG83VE,h,4.75,4.75,4.722222222222221,4.722222222222221,4.705882352941177,4.705882352941177,4.705882352941177,4.6875,4.666666666666667,4.615384615384615,4.833333333333333,4.833333333333333,4.818181818181818,4.8,4.8,4.8,4.777777777777779,4.75,4.75,4.75,4.714285714285714,4.714285714285714,4.666666666666667,4.666666666666667,4.666666666666667,4.6,4.6,4.5,4.5,4.5,4.5,4.666666666666667,4.666666666666667,4.666666666666667,5.0,5.0,5.0,5.0,5.0,5.0,,,
B008OEZ0N6,h,3.727272727272727,3.727272727272727,3.690476190476191,3.8205128205128207,3.7894736842105265,3.861111111111111,3.914285714285714,3.8125,3.8125,3.7741935483870965,3.7741935483870965,3.8666666666666663,4.185185185185185,4.269230769230768,4.269230769230768,4.4,4.391304347826087,4.428571428571429,4.4,4.5555555555555545,4.5,4.466666666666667,4.363636363636363,4.4444444444444455,4.666666666666667,4.6,4.5,4.5,4.5,4.5,4.5,4.5,4.0,5.0,5.0,5.0,,,,,,,
B001UHMWBM,h,4.5555555555555545,4.5555555555555545,4.571428571428571,4.5588235294117645,4.5588235294117645,4.53125,4.53125,4.566666666666666,4.620689655172415,4.769230769230768,4.75,4.739130434782608,4.714285714285714,4.7368421052631575,4.7368421052631575,4.7368421052631575,4.705882352941177,4.666666666666667,4.636363636363637,4.6,4.6,4.5555555555555545,4.5555555555555545,4.75,4.714285714285714,4.714285714285714,4.714285714285714,4.833333333333333,4.833333333333333,4.8,4.8,4.8,4.75,5.0,5.0,5.0,5.0,5.0,5.0,5.0,5.0,5.0,5.0
B001UE7D2S,h,4.857142857142857,4.857142857142857,4.85,4.894736842105263,4.888888888888889,4.875,4.866666666666666,4.846153846153847,4.833333333333333,4.818181818181818,4.9,4.9,4.888888888888889,4.875,4.857142857142857,4.857142857142857,4.833333333333333,4.8,4.75,4.75,4.75,4.75,4.75,4.75,4.75,4.75,4.5,4.5,4.5,4.0,4.0,4.0,4.0,4.0,4.0,4.0,4.0,,,,,,
B004INUY06,h,4.107142857142857,4.107142857142857,4.090909090909091,4.150943396226415,4.134615384615385,4.15686274509804,4.15686274509804,4.122448979591836,4.127659574468085,4.214285714285714,4.157894736842104,4.085714285714285,4.0606060606060606,4.137931034482759,4.107142857142857,4.111111111111111,4.125,4.238095238095238,4.2105263157894735,4.166666666666667,4.466666666666667,4.416666666666667,4.3,4.333333333333333,4.714285714285714,4.714285714285714,4.714285714285714,4.666666666666667,4.6,4.6,4.6,4.666666666666667,4.666666666666667,4.666666666666667,4.666666666666667,4.666666666666667,4.666666666666667,4.666666666666667,4.666666666666667,4.666666666666667,4.666666666666667,5.0,5.0
B000R858R0,h,3.733333333333333,3.733333333333333,3.6428571428571432,3.6428571428571432,3.6428571428571432,3.6428571428571432,3.5384615384615383,3.5384615384615383,3.5384615384615383,3.75,3.75,3.75,3.636363636363636,3.636363636363636,3.636363636363636,3.636363636363636,3.8,3.8,3.8,4.0,4.0,4.0,4.0,3.8571428571428568,3.8571428571428568,3.8571428571428568,3.6666666666666665,3.6666666666666665,3.6666666666666665,3.6666666666666665,3.4,3.75,3.75,3.75,3.75,3.75,3.75,4.333333333333333,4.333333333333333,4.0,4.0,3.0,3.0
B0050PNHBY,h,4.5769230769230775,4.5769230769230775,4.6,4.666666666666667,4.636363636363637,4.636363636363637,4.6,4.588235294117646,4.461538461538462,4.461538461538462,4.4444444444444455,4.4444444444444455,4.375,4.285714285714286,4.166666666666667,4.166666666666667,4.166666666666667,4.166666666666667,4.166666666666667,4.166666666666667,4.166666666666667,4.4,4.25,4.25,4.25,4.0,4.0,4.0,4.0,2.0,2.0,2.0,2.0,2.0,2.0,2.0,,,,,,,
B0009XH6W8,h,4.125,4.125,4.086956521739131,4.136363636363637,4.095238095238095,4.25,4.2105263157894735,4.117647058823529,4.117647058823529,4.0625,4.0625,4.0,4.0,4.0,3.928571428571429,3.928571428571429,4.153846153846153,4.153846153846153,4.166666666666667,4.166666666666667,4.090909090909091,4.0,4.0,4.0,4.0,4.0,4.0,4.375,4.333333333333333,4.2,4.0,3.6666666666666665,3.6666666666666665,3.6666666666666665,3.6666666666666665,5.0,5.0,,,,,,
B000LQB5YS,h,3.8333333333333335,3.8333333333333335,3.727272727272727,3.6666666666666665,3.6666666666666665,3.6666666666666665,3.6666666666666665,3.6666666666666665,3.6666666666666665,3.5,3.5,3.5,3.5,3.5,3.5,3.8571428571428568,3.8571428571428568,3.8571428571428568,3.8571428571428568,3.8571428571428568,3.8571428571428568,3.8571428571428568,3.8571428571428568,3.8571428571428568,4.166666666666667,4.166666666666667,4.4,4.4,4.25,4.0,4.0,4.0,,,,,,,,,,,
B004ATPPRK,h,4.5,4.5,4.4444444444444455,4.4444444444444455,4.529411764705882,4.466666666666667,4.466666666666667,4.428571428571429,4.2727272727272725,4.4,4.4,4.4444444444444455,4.4444444444444455,4.375,4.428571428571429,4.666666666666667,4.75,4.75,4.75,4.666666666666667,4.666666666666667,4.666666666666667,4.666666666666667,5.0,5.0,5.0,5.0,5.0,5.0,5.0,5.0,5.0,,,,,,,,,,,
B008O1V33A,h,3.8,3.8,3.84375,3.8412698412698414,3.8225806451612905,3.85,3.8793103448275854,3.9122807017543866,4.0566037735849045,4.038461538461538,4.1,4.148936170212766,4.148936170212766,4.148936170212766,4.148936170212766,4.148936170212766,4.148936170212766,4.130434782608695,4.111111111111111,4.113636363636363,4.243902439024391,4.307692307692308,4.4324324324324325,4.4324324324324325,4.416666666666667,4.382352941176471,4.517241379310344,4.517241379310344,4.56,4.545454545454546,4.631578947368421,4.588235294117646,4.666666666666667,4.666666666666667,4.0,,,,,,,,
B000K7JLGM,h,3.3823529411764706,3.3823529411764706,3.3548387096774195,3.3,3.2413793103448274,3.25,3.25,3.36,3.136363636363636,3.136363636363636,2.95,3.0,3.117647058823529,3.0,2.7142857142857144,2.7142857142857144,2.7142857142857144,2.769230769230769,2.769230769230769,2.769230769230769,2.583333333333333,2.583333333333333,2.583333333333333,2.583333333333333,2.583333333333333,2.636363636363636,2.636363636363636,2.636363636363636,2.8,2.555555555555556,2.555555555555556,1.3333333333333333,1.4,1.4,1.4,1.4,1.25,1.25,1.25,1.3333333333333333,1.0,1.0,1.0
B0019ZQJBY,h,4.666666666666667,4.666666666666667,4.5,4.5,4.0,4.0,,,,,,,,,,,,,,,,,,,,,,,,,,,,,,,,,,,,,
B000A3TBB6,h,3.84375,3.84375,3.806451612903226,3.806451612903226,3.7931034482758617,3.7777777777777777,3.7083333333333335,3.739130434782609,3.842105263157895,3.842105263157895,3.7777777777777777,3.7058823529411766,3.7058823529411766,3.7058823529411766,3.7058823529411766,3.7058823529411766,3.7058823529411766,3.7058823529411766,3.7058823529411766,3.7058823529411766,3.7058823529411766,3.7058823529411766,3.7058823529411766,3.7058823529411766,3.6875,3.8666666666666663,3.8666666666666663,3.8666666666666663,3.692307692307693,3.636363636363636,3.636363636363636,3.555555555555556,3.555555555555556,3.375,3.375,3.7142857142857135,3.7142857142857135,3.7142857142857135,3.7142857142857135,3.6,5.0,5.0,5.0
B00GU2PWHS,h,4.933333333333334,4.933333333333334,4.931034482758621,4.928571428571429,4.925925925925926,4.958333333333333,5.0,5.0,5.0,,,,,,,,,,,,,,,,,,,,,,,,,,,,,,,,,,
B000X2UCJO,h,4.142857142857143,4.142857142857143,4.142857142857143,4.083333333333333,4.083333333333333,4.0,3.9,3.9,3.9,3.9,3.9,3.7777777777777777,3.7777777777777777,3.7777777777777777,3.625,3.625,3.625,3.625,3.625,3.625,3.625,4.0,4.0,4.5,4.5,4.4,4.4,4.4,4.4,4.25,4.25,4.25,4.0,4.0,4.0,4.0,4.0,4.0,4.0,4.0,4.0,,
B001B0TJCI,h,3.7777777777777777,3.7777777777777777,3.7777777777777777,3.9375,3.9375,3.9375,4.076923076923077,4.0,4.0,4.0,4.1,4.1,4.1,4.0,4.0,4.0,4.0,4.0,4.0,4.0,4.0,3.875,3.875,3.875,3.875,3.875,3.7142857142857135,3.8333333333333335,3.75,3.75,3.0,3.0,3.0,3.0,3.0,3.0,3.0,1.0,1.0,1.0,1.0,1.0,1.0
B00BT7VOI0,h,4.823529411764706,4.823529411764706,4.823529411764706,4.8125,4.8,4.8,4.8,4.785714285714286,4.846153846153847,4.9,5.0,5.0,5.0,5.0,5.0,5.0,5.0,5.0,5.0,,,,,,,,,,,,,,,,,,,,,,,,
B006QREFI4,h,4.357142857142857,4.357142857142857,4.357142857142857,4.333333333333333,4.28,4.25,4.3478260869565215,4.318181818181818,4.5555555555555545,4.5555555555555545,4.588235294117646,4.588235294117646,4.625,4.769230769230768,4.769230769230768,4.727272727272728,4.7,4.7,4.666666666666667,4.666666666666667,4.666666666666667,4.625,4.714285714285714,4.714285714285714,4.666666666666667,4.75,4.75,4.75,4.75,4.75,5.0,5.0,5.0,,,,,,,,,,
B001MP4882,h,4.75,4.75,4.75,4.666666666666667,4.666666666666667,4.0,,,,,,,,,,,,,,,,,,,,,,,,,,,,,,,,,,,,,
B000G666EW,h,4.5625,4.5625,4.5625,4.533333333333333,4.533333333333333,4.533333333333333,4.5,4.461538461538462,4.461538461538462,4.363636363636363,4.363636363636363,4.3,4.3,4.3,4.222222222222221,4.222222222222221,4.222222222222221,4.222222222222221,4.222222222222221,4.375,4.285714285714286,4.285714285714286,4.285714285714286,4.333333333333333,4.333333333333333,4.333333333333333,4.4,4.4,4.25,4.25,4.25,4.25,4.5,4.5,5.0,5.0,,,,,,,
B003S56KWQ,h,4.9444444444444455,4.9444444444444455,4.9444444444444455,4.941176470588236,4.928571428571429,4.9230769230769225,4.9230769230769225,4.916666666666667,4.909090909090909,4.909090909090909,4.9,4.888888888888889,4.888888888888889,4.875,5.0,5.0,5.0,5.0,5.0,5.0,5.0,5.0,5.0,5.0,5.0,5.0,5.0,5.0,5.0,5.0,5.0,5.0,5.0,5.0,5.0,5.0,5.0,5.0,5.0,5.0,5.0,5.0,
B00RPL1W9U,h,4.4,4.4,4.4,4.25,4.142857142857143,3.75,,,,,,,,,,,,,,,,,,,,,,,,,,,,,,,,,,,,,
B000GWF57U,h,4.647058823529412,4.647058823529412,4.647058823529412,4.625,4.6,4.6,4.6,4.571428571428571,4.571428571428571,4.538461538461538,4.5,4.5,4.5,4.5,4.5,4.5,4.5,4.5,4.5,4.5,4.5,4.454545454545454,4.4,4.4,4.4,4.666666666666667,4.666666666666667,4.666666666666667,4.666666666666667,4.571428571428571,4.5,5.0,5.0,5.0,5.0,5.0,5.0,5.0,5.0,5.0,5.0,5.0,
B00BT7UNLY,h,4.842105263157895,4.842105263157895,4.842105263157895,4.823529411764706,4.823529411764706,4.823529411764706,4.933333333333334,4.928571428571429,4.909090909090909,4.909090909090909,4.9,4.875,4.833333333333333,4.8,4.75,4.75,4.5,4.5,4.5,4.0,4.0,4.0,4.0,4.0,,,,,,,,,,,,,,,,,,,
B0009XH6VE,h,3.9375,3.9375,3.9375,3.8666666666666663,3.8666666666666663,3.7857142857142856,3.7857142857142856,3.7857142857142856,3.7857142857142856,3.7857142857142856,3.7857142857142856,3.9230769230769234,3.9230769230769234,3.9230769230769234,3.9230769230769234,3.9230769230769234,3.9230769230769234,3.9230769230769234,4.166666666666667,4.166666666666667,4.166666666666667,4.166666666666667,4.363636363636363,4.363636363636363,4.363636363636363,4.363636363636363,4.3,4.222222222222221,4.222222222222221,4.222222222222221,4.571428571428571,4.4,4.0,4.0,4.0,4.0,4.0,4.0,4.5,4.5,4.5,4.5,5.0
B000X1MCYI,h,4.666666666666667,4.666666666666667,4.666666666666667,4.636363636363637,4.636363636363637,4.636363636363637,4.636363636363637,4.6,4.6,4.6,4.6,4.6,4.6,4.6,4.6,4.6,4.6,4.5555555555555545,4.5555555555555545,4.5555555555555545,4.5555555555555545,4.5555555555555545,4.5555555555555545,4.5555555555555545,4.428571428571429,4.5,4.5,4.5,4.5,4.5,4.5,4.4,4.4,4.4,5.0,5.0,5.0,5.0,5.0,5.0,5.0,5.0,5.0
B000X300MC,h,3.9375,3.9375,3.9375,3.8666666666666663,3.8666666666666663,3.8666666666666663,3.8666666666666663,3.8666666666666663,4.076923076923077,4.25,4.181818181818182,4.181818181818182,4.181818181818182,4.181818181818182,4.181818181818182,4.181818181818182,4.181818181818182,4.1,4.1,3.875,3.875,3.875,3.7142857142857135,3.5,3.2,3.2,3.2,3.25,3.25,3.333333333333333,3.333333333333333,2.5,1.0,1.0,,,,,,,,,
B0050QLDGY,h,3.8571428571428568,3.8571428571428568,3.8571428571428568,3.8958333333333335,3.8958333333333335,3.8958333333333335,3.872340425531915,3.872340425531915,3.847826086956522,3.8181818181818175,3.8181818181818175,3.8181818181818175,3.8181818181818175,3.8139534883720936,3.7857142857142856,3.7857142857142856,3.8536585365853657,3.8536585365853657,3.9444444444444446,4.0,4.090909090909091,4.090909090909091,4.125,4.125,4.0344827586206895,4.0344827586206895,4.0,4.08,4.083333333333333,4.090909090909091,4.117647058823529,3.928571428571429,3.8461538461538463,4.0,4.222222222222221,4.125,4.125,4.285714285714286,4.285714285714286,4.166666666666667,4.166666666666667,4.166666666666667,4.0
B002NGMEVW,h,4.222222222222221,4.222222222222221,4.222222222222221,4.222222222222221,4.666666666666667,4.666666666666667,4.666666666666667,4.666666666666667,4.666666666666667,4.666666666666667,4.6,4.6,4.6,4.75,4.666666666666667,4.666666666666667,4.666666666666667,5.0,5.0,,,,,,,,,,,,,,,,,,,,,,,,
B001CK23P2,h,4.5,4.5,4.5,4.5,4.454545454545454,4.454545454545454,4.5,4.5,4.5,4.5,4.5,4.5,4.5,4.4444444444444455,4.4444444444444455,4.4444444444444455,4.4444444444444455,4.4444444444444455,4.4444444444444455,4.375,4.285714285714286,4.285714285714286,4.333333333333333,4.4,4.4,4.4,4.5,4.5,4.333333333333333,4.0,4.0,4.0,4.0,4.0,4.0,4.0,4.0,4.0,4.0,4.0,4.0,4.0,
B0043W2C48,h,3.9642857142857135,3.9642857142857135,3.9642857142857135,3.9642857142857135,3.962962962962963,3.9230769230769234,3.88,3.8333333333333335,3.8260869565217392,3.8260869565217392,3.761904761904762,3.7,3.736842105263158,3.9375,3.9375,3.9375,3.9375,3.9375,4.153846153846153,4.25,4.25,4.25,4.2727272727272725,4.2,4.111111111111111,4.111111111111111,4.111111111111111,3.8571428571428568,4.333333333333333,4.4,4.4,4.0,,,,,,,,,,,
B001BOFIRO,h,4.177777777777779,4.177777777777779,4.177777777777779,4.177777777777779,4.159090909090909,4.159090909090909,4.159090909090909,4.162790697674419,4.142857142857143,4.142857142857143,4.170731707317073,4.170731707317073,4.170731707317073,4.205128205128204,4.1842105263157885,4.138888888888889,4.138888888888889,4.142857142857143,4.142857142857143,4.117647058823529,4.090909090909091,4.068965517241379,4.071428571428571,4.038461538461538,4.0,4.0,3.9565217391304346,3.9565217391304346,3.8571428571428568,3.8,3.947368421052632,4.0,4.076923076923077,3.9,4.222222222222221,4.125,4.428571428571429,4.428571428571429,4.428571428571429,4.333333333333333,4.333333333333333,4.0,5.0
B0012HEGCI,h,3.3076923076923075,3.3076923076923075,3.3076923076923075,3.3076923076923075,3.4545454545454546,3.7,3.555555555555556,3.555555555555556,3.375,3.375,3.2,3.2,2.75,2.75,2.75,2.75,2.75,2.75,2.75,3.333333333333333,3.333333333333333,3.333333333333333,3.333333333333333,3.333333333333333,3.333333333333333,3.333333333333333,3.333333333333333,3.333333333333333,3.0,3.0,3.0,3.0,1.0,1.0,1.0,1.0,1.0,,,,,,
B003837V8A,h,3.3898305084745757,3.3898305084745757,3.3898305084745757,3.3898305084745757,3.4035087719298245,3.4035087719298245,3.4035087719298245,3.446428571428572,3.5283018867924527,3.5,3.5,3.5490196078431366,3.6,3.571428571428572,3.5416666666666665,3.5416666666666665,3.5531914893617023,3.608695652173913,3.5454545454545454,3.6046511627906983,3.595238095238096,3.6585365853658534,3.7,3.6666666666666665,3.631578947368421,3.6486486486486487,3.6486486486486487,3.6857142857142855,3.827586206896552,3.7777777777777777,3.8461538461538463,3.95,4.1875,4.3,4.222222222222221,4.714285714285714,4.6,4.5,4.333333333333333,4.333333333333333,5.0,5.0,5.0
B000G62HRM,h,4.714285714285714,4.714285714285714,4.714285714285714,4.714285714285714,4.666666666666667,4.666666666666667,4.666666666666667,4.666666666666667,4.666666666666667,4.666666666666667,4.666666666666667,4.666666666666667,4.666666666666667,4.666666666666667,4.666666666666667,4.666666666666667,4.666666666666667,4.666666666666667,4.6,4.6,4.6,4.6,4.5,4.5,4.5,4.666666666666667,4.666666666666667,4.666666666666667,4.666666666666667,5.0,5.0,5.0,5.0,5.0,5.0,5.0,5.0,5.0,5.0,5.0,5.0,,
B00016KMIS,h,4.433962264150943,4.433962264150943,4.433962264150943,4.433962264150943,4.433962264150943,4.431372549019608,4.489795918367347,4.48936170212766,4.478260869565218,4.466666666666667,4.454545454545454,4.414634146341464,4.394736842105264,4.378378378378378,4.378378378378378,4.382352941176471,4.382352941176471,4.382352941176471,4.382352941176471,4.333333333333333,4.310344827586206,4.333333333333333,4.238095238095238,4.2105263157894735,4.333333333333333,4.285714285714286,4.461538461538462,4.461538461538462,4.461538461538462,4.416666666666667,4.777777777777779,4.75,4.857142857142857,4.857142857142857,4.8,4.8,5.0,5.0,5.0,5.0,5.0,5.0,5.0
B000BBGS40,h,3.4444444444444446,3.4444444444444446,3.4444444444444446,3.4444444444444446,3.4444444444444446,3.25,3.25,3.25,3.25,3.571428571428572,3.333333333333333,3.333333333333333,3.333333333333333,3.333333333333333,3.333333333333333,3.4,3.4,3.4,3.4,3.4,3.4,3.4,3.4,3.4,3.4,3.4,3.4,3.4,3.25,2.6666666666666665,3.0,1.0,1.0,1.0,,,,,,,,,
B000ALCJR6,h,3.238095238095238,3.238095238095238,3.238095238095238,3.238095238095238,3.238095238095238,3.263157894736842,3.1666666666666665,3.1666666666666665,3.1666666666666665,3.1666666666666665,3.0588235294117645,3.0588235294117645,3.0588235294117645,2.9375,2.9375,2.9375,2.9375,3.066666666666667,3.3846153846153846,3.583333333333333,3.583333333333333,3.583333333333333,3.4,3.4,3.4,3.4,3.4,3.4444444444444446,3.4444444444444446,3.25,3.25,3.0,3.1666666666666665,2.8,2.8,2.8,2.8,2.8,2.8,2.8,3.333333333333333,1.0,
B003TJBI64,h,4.391304347826087,4.391304347826087,4.391304347826087,4.391304347826087,4.391304347826087,4.363636363636363,4.333333333333333,4.3,4.222222222222221,4.357142857142857,4.416666666666667,4.4,4.333333333333333,4.25,4.25,4.25,4.25,4.25,4.25,4.714285714285714,4.714285714285714,4.714285714285714,4.714285714285714,4.714285714285714,4.666666666666667,4.666666666666667,4.6,4.6,4.6,4.333333333333333,4.0,4.0,3.0,,,,,,,,,,
B000M7YQOM,h,3.1578947368421053,3.1578947368421053,3.1578947368421053,3.1578947368421053,3.1578947368421053,2.9411764705882355,2.8125,2.8125,2.8125,2.8125,2.8125,2.9285714285714284,2.9285714285714284,2.9285714285714284,2.9285714285714284,2.9285714285714284,2.9285714285714284,2.9230769230769234,2.9230769230769234,2.9230769230769234,2.636363636363636,2.636363636363636,2.636363636363636,2.636363636363636,2.636363636363636,2.636363636363636,2.636363636363636,2.8,2.8,2.7777777777777777,2.7777777777777777,2.5,2.4285714285714284,2.6666666666666665,3.0,3.0,2.5,2.5,2.333333333333333,2.333333333333333,3.0,3.0,
B00E2TYR22,h,4.75,4.75,4.75,4.75,4.75,4.666666666666667,4.666666666666667,,,,,,,,,,,,,,,,,,,,,,,,,,,,,,,,,,,,
B00KJRZT8W,h,5.0,5.0,5.0,5.0,5.0,5.0,5.0,,,,,,,,,,,,,,,,,,,,,,,,,,,,,,,,,,,,
B00BBCVPAU,h,4.0,4.0,4.0,4.0,4.0,4.0,3.333333333333333,3.333333333333333,3.333333333333333,3.0,,,,,,,,,,,,,,,,,,,,,,,,,,,,,,,,,
B0009XH6VO,h,3.967741935483871,3.967741935483871,3.967741935483871,3.967741935483871,3.967741935483871,3.967741935483871,4.033333333333333,4.033333333333333,4.033333333333333,3.962962962962963,4.0,3.96,3.96,3.96,3.96,3.96,3.96,3.9166666666666665,3.8181818181818175,3.842105263157895,3.941176470588236,3.941176470588236,3.8461538461538463,3.8461538461538463,3.8461538461538463,3.8461538461538463,3.8181818181818175,3.6666666666666665,3.8571428571428568,3.8571428571428568,3.8571428571428568,4.333333333333333,3.6666666666666665,3.6666666666666665,3.5,5.0,5.0,5.0,5.0,5.0,5.0,,
B00BT7V4DA,h,4.9230769230769225,4.9230769230769225,4.9230769230769225,4.9230769230769225,4.9230769230769225,4.9230769230769225,4.9230769230769225,4.909090909090909,4.9,4.833333333333333,4.75,4.75,4.666666666666667,4.0,4.0,,,,,,,,,,,,,,,,,,,,,,,,,,,,
B0018C3V5A,h,4.493506493506493,4.493506493506493,4.493506493506493,4.493506493506493,4.493506493506493,4.493506493506493,4.493506493506493,4.449275362318841,4.476923076923077,4.5,4.471698113207547,4.428571428571429,4.473684210526316,4.583333333333333,4.571428571428571,4.633333333333334,4.607142857142857,4.592592592592593,4.625,4.625,4.6190476190476195,4.666666666666667,4.647058823529412,4.647058823529412,4.75,4.733333333333333,4.714285714285714,4.916666666666667,4.9,5.0,5.0,5.0,5.0,5.0,5.0,5.0,5.0,,,,,,
B007T70X0Y,h,4.34375,4.34375,4.34375,4.34375,4.34375,4.34375,4.34375,4.3,4.275862068965517,4.275862068965517,4.275862068965517,4.285714285714286,4.285714285714286,4.285714285714286,4.25925925925926,4.24,4.24,4.227272727272728,4.190476190476192,4.294117647058823,4.466666666666667,4.466666666666667,4.466666666666667,4.466666666666667,4.428571428571429,4.428571428571429,4.2727272727272725,4.428571428571429,,,,,,,,,,,,,,,
B00020QJEE,h,4.0,4.0,4.0,4.0,4.0,4.0,4.0,3.6666666666666665,3.6666666666666665,3.6666666666666665,3.6666666666666665,3.6666666666666665,3.5,3.5,3.5,3.5,3.5,3.5,3.5,3.5,3.5,3.5,3.5,3.5,3.5,3.5,3.5,3.5,3.5,3.5,3.5,4.0,4.0,4.0,,,,,,,,,
B00B9QUDX8,h,3.6666666666666665,3.6666666666666665,3.6666666666666665,3.6666666666666665,3.6666666666666665,3.6666666666666665,3.6666666666666665,5.0,5.0,5.0,5.0,5.0,5.0,5.0,5.0,5.0,5.0,,,,,,,,,,,,,,,,,,,,,,,,,,
B000EPHRO8,h,3.4,3.4,3.4,3.4,3.4,3.4,3.4,3.0,3.0,3.0,3.0,2.333333333333333,2.5,2.5,2.5,2.5,2.5,2.0,2.0,2.0,2.0,2.0,2.0,2.0,2.0,2.0,2.0,2.0,2.0,2.0,2.0,,,,,,,,,,,,
B0009XH6WS,h,3.8333333333333335,3.8333333333333335,3.8333333333333335,3.8333333333333335,3.8333333333333335,3.8333333333333335,3.8333333333333335,3.6,3.6,3.6,3.6,3.6,3.6,3.6,3.6,3.6,3.6,3.25,3.25,3.25,3.0,3.0,3.0,3.0,3.0,3.0,1.0,1.0,1.0,1.0,1.0,1.0,1.0,1.0,1.0,1.0,1.0,1.0,1.0,1.0,1.0,1.0,1.0
B0009XH6XC,h,3.0,3.0,3.0,3.0,3.0,3.0,3.0,3.0,3.0,3.0,3.0,3.0,3.0,2.333333333333333,2.333333333333333,2.333333333333333,2.333333333333333,2.333333333333333,2.333333333333333,2.333333333333333,3.0,3.0,3.0,3.0,3.0,3.0,3.0,3.0,3.0,3.0,3.0,3.0,3.0,3.0,3.0,1.0,1.0,1.0,1.0,1.0,1.0,,
B000X1MCW0,h,4.0,4.0,4.0,4.0,4.0,4.0,4.0,4.0,3.5,3.5,3.5,3.5,3.5,3.5,3.5,3.5,3.5,3.5,3.5,3.5,3.5,3.5,3.5,3.5,2.0,2.0,2.0,2.0,2.0,2.0,2.0,2.0,2.0,,,,,,,,,,
B00HZYSZHY,h,5.0,5.0,5.0,5.0,5.0,5.0,5.0,5.0,,,,,,,,,,,,,,,,,,,,,,,,,,,,,,,,,,,
B006FLC09W,h,4.4,4.4,4.4,4.4,4.4,4.4,4.4,4.4,4.384615384615385,4.384615384615385,4.384615384615385,4.384615384615385,4.384615384615385,4.447368421052632,4.447368421052632,4.447368421052632,4.416666666666667,4.580645161290323,4.566666666666666,4.678571428571429,4.6,4.75,4.857142857142857,4.875,4.8,4.666666666666667,4.666666666666667,4.5,4.5,5.0,5.0,,,,,,,,,,,,
B000N8F9M8,h,5.0,5.0,5.0,5.0,5.0,5.0,5.0,5.0,5.0,,,,,,,,,,,,,,,,,,,,,,,,,,,,,,,,,,
B000E2ZONM,h,3.75,3.75,3.75,3.75,3.75,3.75,3.75,3.75,3.75,3.75,3.571428571428572,4.0,4.0,4.0,4.0,4.0,4.0,4.0,4.0,4.0,4.0,4.0,4.0,4.0,4.0,4.0,3.8,3.8,3.8,3.8,3.8,3.5,3.0,3.0,3.0,3.0,3.0,3.0,3.0,3.0,1.0,1.0,
B001UE7D32,h,4.3,4.3,4.3,4.3,4.3,4.3,4.3,4.3,4.3,4.3,4.222222222222221,4.125,4.125,4.125,4.125,4.125,3.8333333333333335,3.8333333333333335,3.8333333333333335,3.8333333333333335,3.8333333333333335,3.75,3.75,3.75,3.75,3.75,3.75,3.75,3.75,3.333333333333333,3.333333333333333,3.333333333333333,2.5,2.5,2.5,2.5,2.5,,,,,,
B000BBS636,h,3.9230769230769234,3.9230769230769234,3.9230769230769234,3.9230769230769234,3.9230769230769234,3.9230769230769234,3.9230769230769234,3.9230769230769234,3.9230769230769234,3.9230769230769234,3.9230769230769234,3.9230769230769234,3.9230769230769234,3.901639344262295,3.9491525423728815,3.9107142857142856,3.890909090909091,3.849056603773585,3.862745098039216,3.875,3.7906976744186047,3.7894736842105265,3.7777777777777777,3.7777777777777777,3.6875,3.724137931034482,3.807692307692308,3.9166666666666665,3.952380952380953,3.9,3.941176470588236,3.7142857142857135,3.615384615384616,3.5,4.0,4.0,4.166666666666667,4.166666666666667,4.0,4.25,5.0,5.0,5.0
B000BBS63G,h,4.375,4.375,4.375,4.375,4.375,4.375,4.375,4.375,4.375,4.375,4.375,4.375,4.375,4.3478260869565215,4.318181818181818,4.25,4.421052631578949,4.352941176470588,4.3125,4.3125,4.3125,4.266666666666667,4.25,4.25,4.545454545454546,4.5,4.5555555555555545,4.5,4.333333333333333,4.2,4.2,4.2,4.333333333333333,5.0,5.0,5.0,5.0,5.0,5.0,5.0,5.0,5.0,5.0
B000J062N0,h,3.0,3.0,3.0,3.0,3.0,3.0,3.0,3.0,3.0,3.0,3.0,3.0,3.0,3.0,3.0,1.0,1.0,1.0,1.0,1.0,1.0,1.0,1.0,1.0,1.0,1.0,,,,,,,,,,,,,,,,,
B004MDREWI,h,4.5,4.5,4.5,4.5,4.5,4.5,4.5,4.5,4.5,4.5,4.5,4.5,4.5,4.5,4.5,4.5,4.0,4.0,4.0,4.0,4.0,4.0,4.0,4.0,4.0,4.0,4.0,4.0,4.0,4.0,,,,,,,,,,,,,
B009ISDBHO,h,2.0,2.0,2.0,2.0,2.0,2.0,2.0,2.0,2.0,2.0,2.0,2.0,2.0,2.0,2.0,2.0,,,,,,,,,,,,,,,,,,,,,,,,,,,
B000HK1NK4,h,4.666666666666667,4.666666666666667,4.666666666666667,4.666666666666667,4.666666666666667,4.666666666666667,4.666666666666667,4.666666666666667,4.666666666666667,4.666666666666667,4.666666666666667,4.666666666666667,4.666666666666667,4.666666666666667,4.666666666666667,4.666666666666667,4.666666666666667,4.6,4.6,4.6,4.5555555555555545,4.5555555555555545,4.5555555555555545,4.5555555555555545,4.5555555555555545,4.5555555555555545,4.571428571428571,4.5,5.0,5.0,5.0,5.0,,,,,,,,,,,
B00A6OBZH2,h,5.0,5.0,5.0,5.0,5.0,5.0,5.0,5.0,5.0,5.0,5.0,5.0,5.0,5.0,5.0,5.0,5.0,5.0,,,,,,,,,,,,,,,,,,,,,,,,,
B004NPQQLU,h,4.0,4.0,4.0,4.0,4.0,4.0,4.0,4.0,4.0,4.0,4.0,4.0,4.0,4.0,4.0,4.0,4.0,4.0,4.0,4.0,4.0,4.0,4.0,4.0,4.0,4.0,3.875,3.875,3.875,3.875,3.875,3.7142857142857135,3.333333333333333,4.0,4.0,,,,,,,,
B000V87HI4,h,4.8,4.8,4.8,4.8,4.8,4.8,4.8,4.8,4.8,4.8,4.8,4.8,4.8,4.8,4.8,4.8,4.8,4.8,4.8,4.8,4.8,4.8,4.8,4.8,4.8,4.8,4.8,4.8,4.8,4.8,4.75,4.666666666666667,4.5,4.5,4.5,4.5,4.5,4.5,4.0,,,,
B004CEG0T0,h,5.0,5.0,5.0,5.0,5.0,5.0,5.0,5.0,5.0,5.0,5.0,5.0,5.0,5.0,5.0,5.0,5.0,5.0,5.0,5.0,5.0,5.0,5.0,5.0,5.0,5.0,5.0,5.0,5.0,5.0,5.0,,,,,,,,,,,,
B007F2Q0UK,h,4.0,4.0,4.0,4.0,4.0,4.0,4.0,4.0,4.0,4.0,4.0,4.0,4.0,4.0,4.0,4.0,4.0,4.0,4.0,4.0,4.0,4.0,4.0,4.0,4.0,4.0,4.0,4.0,4.0,4.0,4.0,4.0,,,,,,,,,,,
B001RV2VQW,h,3.4,3.4,3.4,3.4,3.4,3.4,3.4,3.4,3.4,3.4,3.4,3.4,3.4,3.4,3.4,3.4,3.4,3.4,3.4,3.4,3.4,3.4,3.4,3.4,3.4,3.4,3.4,3.4,3.4,3.4,3.4,3.4,4.0,4.0,5.0,5.0,5.0,5.0,5.0,5.0,5.0,5.0,5.0
B000PHZBES,h,2.0,2.0,2.0,2.0,2.0,2.0,2.0,2.0,2.0,2.0,2.0,2.0,2.0,2.0,2.0,2.0,2.0,2.0,2.0,2.0,2.0,2.0,2.0,2.0,2.0,2.0,2.0,2.0,2.0,2.0,2.0,2.0,2.0,2.0,2.0,2.0,,,,,,,
B000V1YZMC,h,3.0,3.0,3.0,3.0,3.0,3.0,3.0,3.0,3.0,3.0,3.0,3.0,3.0,3.0,3.0,3.0,3.0,3.0,3.0,3.0,3.0,3.0,3.0,3.0,3.0,3.0,3.0,3.0,3.0,3.0,3.0,3.0,3.0,3.0,3.0,3.0,3.0,3.0,3.0,3.0,5.0,5.0,
B002D4B7PS,h,1.0,1.0,1.0,1.0,1.0,1.0,1.0,1.0,1.0,1.0,1.0,1.0,1.0,1.0,1.0,1.0,1.0,1.0,1.0,1.0,1.0,1.0,1.0,1.0,1.0,1.0,1.0,1.0,1.0,1.0,1.0,1.0,1.0,1.0,1.0,1.0,1.0,1.0,1.0,1.0,1.0,1.0,
B000R8Z5FK,h,5.0,5.0,5.0,5.0,5.0,5.0,5.0,5.0,5.0,5.0,5.0,5.0,5.0,5.0,5.0,5.0,5.0,5.0,5.0,5.0,5.0,5.0,5.0,5.0,5.0,5.0,5.0,5.0,5.0,5.0,5.0,5.0,5.0,5.0,5.0,5.0,5.0,5.0,5.0,5.0,5.0,5.0,5.0
B000GG2HOU,h,4.0,4.0,4.0,4.0,4.0,4.0,4.0,4.0,4.0,4.0,4.0,4.0,4.0,4.0,4.0,4.0,4.0,4.0,4.0,4.0,4.0,4.0,4.0,4.0,4.0,4.0,4.0,4.0,4.0,4.0,4.0,4.0,4.0,4.0,4.0,4.0,4.0,4.0,4.0,4.0,4.0,4.0,4.0
B000M8YIHG,h,5.0,5.0,5.0,5.0,5.0,5.0,5.0,5.0,5.0,5.0,5.0,5.0,5.0,5.0,5.0,5.0,5.0,5.0,5.0,5.0,5.0,5.0,5.0,5.0,5.0,5.0,5.0,5.0,5.0,5.0,5.0,5.0,5.0,5.0,5.0,5.0,5.0,5.0,5.0,5.0,5.0,5.0,5.0
B004GHG8EK,h,1.0,1.0,1.0,1.0,1.0,1.0,1.0,1.0,1.0,1.0,1.0,1.0,1.0,1.0,1.0,1.0,1.0,1.0,1.0,1.0,1.0,1.0,1.0,1.0,1.0,1.0,1.0,1.0,1.0,1.0,1.0,1.0,1.0,1.0,1.0,1.0,1.0,1.0,1.0,1.0,1.0,1.0,1.0
B002LQBMIA,h,5.0,5.0,5.0,5.0,5.0,5.0,5.0,5.0,5.0,5.0,5.0,5.0,5.0,5.0,5.0,5.0,5.0,5.0,5.0,5.0,5.0,5.0,5.0,5.0,5.0,5.0,5.0,5.0,5.0,5.0,5.0,5.0,5.0,5.0,5.0,5.0,5.0,5.0,5.0,5.0,5.0,5.0,5.0
B0017TZD7S,h,1.0,1.0,1.0,1.0,1.0,1.0,1.0,1.0,1.0,1.0,1.0,1.0,1.0,1.0,1.0,1.0,1.0,1.0,1.0,1.0,1.0,1.0,1.0,1.0,1.0,1.0,1.0,1.0,1.0,1.0,1.0,1.0,1.0,1.0,1.0,1.0,1.0,1.0,1.0,1.0,1.0,1.0,1.0
B004AQEOTI,h,1.0,1.0,1.0,1.0,1.0,1.0,1.0,1.0,1.0,1.0,1.0,1.0,1.0,1.0,1.0,1.0,1.0,1.0,1.0,1.0,1.0,1.0,1.0,1.0,1.0,1.0,1.0,1.0,1.0,1.0,1.0,1.0,1.0,1.0,1.0,1.0,1.0,1.0,1.0,1.0,1.0,1.0,1.0
B001I6WQY8,h,5.0,5.0,5.0,5.0,5.0,5.0,5.0,5.0,5.0,5.0,5.0,5.0,5.0,5.0,5.0,5.0,5.0,5.0,5.0,5.0,5.0,5.0,5.0,5.0,5.0,5.0,5.0,5.0,5.0,5.0,5.0,5.0,5.0,5.0,5.0,5.0,5.0,5.0,5.0,5.0,5.0,5.0,5.0
B005GD1EP6,h,3.0,3.0,3.0,3.0,3.0,3.0,3.0,3.0,3.0,3.0,3.0,3.0,3.0,3.0,3.0,3.0,3.0,3.0,3.0,3.0,3.0,3.0,3.0,3.0,3.0,3.0,3.0,3.0,3.0,3.0,3.0,3.0,3.0,3.0,3.0,3.0,3.0,3.0,3.0,3.0,3.0,3.0,3.0
B000GG1944,h,5.0,5.0,5.0,5.0,5.0,5.0,5.0,5.0,5.0,5.0,5.0,5.0,5.0,5.0,5.0,5.0,5.0,5.0,5.0,5.0,5.0,5.0,5.0,5.0,5.0,5.0,5.0,5.0,5.0,5.0,5.0,5.0,5.0,5.0,5.0,5.0,5.0,5.0,5.0,5.0,5.0,5.0,5.0
B003BQ6QXK,h,5.0,5.0,5.0,5.0,5.0,5.0,5.0,5.0,5.0,5.0,5.0,5.0,5.0,5.0,5.0,5.0,5.0,5.0,5.0,5.0,5.0,5.0,5.0,5.0,5.0,5.0,5.0,5.0,5.0,5.0,5.0,5.0,5.0,5.0,5.0,5.0,5.0,5.0,5.0,5.0,5.0,5.0,5.0
B000VWSE0A,h,5.0,5.0,5.0,5.0,5.0,5.0,5.0,5.0,5.0,5.0,5.0,5.0,5.0,5.0,5.0,5.0,5.0,5.0,5.0,5.0,5.0,5.0,5.0,5.0,5.0,5.0,5.0,5.0,5.0,5.0,5.0,5.0,5.0,5.0,5.0,5.0,5.0,5.0,5.0,5.0,5.0,5.0,5.0
B000P9BR8U,h,3.0,3.0,3.0,3.0,3.0,3.0,3.0,3.0,3.0,3.0,3.0,3.0,3.0,3.0,3.0,3.0,3.0,3.0,3.0,3.0,3.0,3.0,3.0,3.0,3.0,3.0,3.0,3.0,3.0,3.0,3.0,3.0,3.0,3.0,3.0,3.0,3.0,3.0,3.0,3.0,3.0,3.0,3.0
B005R9AHO8,h,5.0,5.0,5.0,5.0,5.0,5.0,5.0,5.0,5.0,5.0,5.0,5.0,5.0,5.0,5.0,5.0,5.0,5.0,5.0,5.0,5.0,5.0,5.0,5.0,5.0,5.0,5.0,5.0,5.0,5.0,5.0,5.0,5.0,5.0,5.0,5.0,5.0,5.0,5.0,5.0,5.0,5.0,5.0
B002QZHV9A,h,5.0,5.0,5.0,5.0,5.0,5.0,5.0,5.0,5.0,5.0,5.0,5.0,5.0,5.0,5.0,5.0,5.0,5.0,5.0,5.0,5.0,5.0,5.0,5.0,5.0,5.0,5.0,5.0,5.0,5.0,5.0,5.0,5.0,5.0,5.0,5.0,5.0,5.0,5.0,5.0,5.0,5.0,5.0
B000BW5W50,h,5.0,5.0,5.0,5.0,5.0,5.0,5.0,5.0,5.0,5.0,5.0,5.0,5.0,5.0,5.0,5.0,5.0,5.0,5.0,5.0,5.0,5.0,5.0,5.0,5.0,5.0,5.0,5.0,5.0,5.0,5.0,5.0,5.0,5.0,5.0,5.0,5.0,5.0,5.0,5.0,5.0,5.0,5.0
B0019QHUTI,h,4.0,4.0,4.0,4.0,4.0,4.0,4.0,4.0,4.0,4.0,4.0,4.0,4.0,4.0,4.0,4.0,4.0,4.0,4.0,4.0,4.0,4.0,4.0,4.0,4.0,4.0,4.0,4.0,4.0,4.0,4.0,4.0,4.0,4.0,4.0,4.0,4.0,4.0,4.0,4.0,4.0,4.0,4.0
B004TX0MLQ,h,5.0,5.0,5.0,5.0,5.0,5.0,5.0,5.0,5.0,5.0,5.0,5.0,5.0,5.0,5.0,5.0,5.0,5.0,5.0,5.0,5.0,5.0,5.0,5.0,5.0,5.0,5.0,5.0,5.0,5.0,5.0,5.0,5.0,5.0,5.0,5.0,5.0,5.0,5.0,5.0,5.0,5.0,5.0
B002C7DK7Y,h,5.0,5.0,5.0,5.0,5.0,5.0,5.0,5.0,5.0,5.0,5.0,5.0,5.0,5.0,5.0,5.0,5.0,5.0,5.0,5.0,5.0,5.0,5.0,5.0,5.0,5.0,5.0,5.0,5.0,5.0,5.0,5.0,5.0,5.0,5.0,5.0,5.0,5.0,5.0,5.0,5.0,5.0,5.0
B0006GDATQ,h,5.0,5.0,5.0,5.0,5.0,5.0,5.0,5.0,5.0,5.0,5.0,5.0,5.0,5.0,5.0,5.0,5.0,5.0,5.0,5.0,5.0,5.0,5.0,5.0,5.0,5.0,5.0,5.0,5.0,5.0,5.0,5.0,5.0,5.0,5.0,5.0,5.0,5.0,5.0,5.0,5.0,5.0,5.0
B003S961HG,h,1.0,1.0,1.0,1.0,1.0,1.0,1.0,1.0,1.0,1.0,1.0,1.0,1.0,1.0,1.0,1.0,1.0,1.0,1.0,1.0,1.0,1.0,1.0,1.0,1.0,1.0,1.0,1.0,1.0,1.0,1.0,1.0,1.0,1.0,1.0,1.0,1.0,1.0,1.0,1.0,1.0,1.0,1.0
B0018CQKXK,h,4.0,4.0,4.0,4.0,4.0,4.0,4.0,4.0,4.0,4.0,4.0,4.0,4.0,4.0,4.0,4.0,4.0,4.0,4.0,4.0,4.0,4.0,4.0,4.0,4.0,4.0,4.0,4.0,4.0,4.0,4.0,4.0,4.0,4.0,4.0,4.0,4.0,4.0,4.0,4.0,4.0,4.0,4.0
B002QFMY42,h,5.0,5.0,5.0,5.0,5.0,5.0,5.0,5.0,5.0,5.0,5.0,5.0,5.0,5.0,5.0,5.0,5.0,5.0,5.0,5.0,5.0,5.0,5.0,5.0,5.0,5.0,5.0,5.0,5.0,5.0,5.0,5.0,5.0,5.0,5.0,5.0,5.0,5.0,5.0,5.0,5.0,5.0,5.0
B0034EMMNM,h,5.0,5.0,5.0,5.0,5.0,5.0,5.0,5.0,5.0,5.0,5.0,5.0,5.0,5.0,5.0,5.0,5.0,5.0,5.0,5.0,5.0,5.0,5.0,5.0,5.0,5.0,5.0,5.0,5.0,5.0,5.0,5.0,5.0,5.0,5.0,5.0,5.0,5.0,5.0,5.0,5.0,5.0,5.0
B003VAD40E,h,1.0,1.0,1.0,1.0,1.0,1.0,1.0,1.0,1.0,1.0,1.0,1.0,1.0,1.0,1.0,1.0,1.0,1.0,1.0,1.0,1.0,1.0,1.0,1.0,1.0,1.0,1.0,1.0,1.0,1.0,1.0,1.0,1.0,1.0,1.0,1.0,1.0,1.0,1.0,1.0,1.0,1.0,1.0
B0009EXM52,h,5.0,5.0,5.0,5.0,5.0,5.0,5.0,5.0,5.0,5.0,5.0,5.0,5.0,5.0,5.0,5.0,5.0,5.0,5.0,5.0,5.0,5.0,5.0,5.0,5.0,5.0,5.0,5.0,5.0,5.0,5.0,5.0,5.0,5.0,5.0,5.0,5.0,5.0,5.0,5.0,5.0,5.0,5.0
B003UFPN6S,h,5.0,5.0,5.0,5.0,5.0,5.0,5.0,5.0,5.0,5.0,5.0,5.0,5.0,5.0,5.0,5.0,5.0,5.0,5.0,5.0,5.0,5.0,5.0,5.0,5.0,5.0,5.0,5.0,5.0,5.0,5.0,5.0,5.0,5.0,5.0,5.0,5.0,5.0,5.0,5.0,5.0,5.0,5.0
B002R290Z0,h,5.0,5.0,5.0,5.0,5.0,5.0,5.0,5.0,5.0,5.0,5.0,5.0,5.0,5.0,5.0,5.0,5.0,5.0,5.0,5.0,5.0,5.0,5.0,5.0,5.0,5.0,5.0,5.0,5.0,5.0,5.0,5.0,5.0,5.0,5.0,5.0,5.0,5.0,5.0,5.0,5.0,5.0,5.0
B004QWVY8A,h,4.0,4.0,4.0,4.0,4.0,4.0,4.0,4.0,4.0,4.0,4.0,4.0,4.0,4.0,4.0,4.0,4.0,4.0,4.0,4.0,4.0,4.0,4.0,4.0,4.0,4.0,4.0,4.0,4.0,4.0,4.0,4.0,4.0,4.0,4.0,4.0,4.0,4.0,4.0,4.0,4.0,4.0,4.0
