b001rv741y,p,5,5,Jul-15
b001rv741y,p,5,5,Jun-15
b001rv741y,p,5,5,May-15
b001rv741y,p,5,5,Apr-15
b001rv741y,p,5,5,Mar-15
b001rv741y,p,5,5,Feb-15
b001rv741y,p,5,4.956073348,Jan-15
b001rv741y,p,5,4.956073348,Dec-14
b001rv741y,p,5,4.956073348,Nov-14
b001rv741y,p,5,4.956073348,Oct-14
b001rv741y,p,5,4.956073348,Sep-14
b001rv741y,p,5,4.956073348,Aug-14
b001rv741y,p,5,4.956073348,Jul-14
b001rv741y,p,5,4.956073348,Jun-14
b001rv741y,p,5,4.956073348,May-14
b001rv741y,p,5,4.956073348,Apr-14
b001rv741y,p,5,4.956073348,Mar-14
b001rv741y,p,5,4.956073348,Feb-14
b001rv741y,p,5,4.956073348,Jan-14
b001rv741y,p,5,4.956073348,Dec-13
b001rv741y,p,5,4.956073348,Nov-13
b00pf8acim,p,5,4.977456642,Jul-15
b00pf8acim,p,5,4.977456642,Jun-15
b00pf8acim,p,5,4.977456642,May-15
b004xi5dgg,p,3,4.952628863,Jul-15
b004xi5dgg,p,3,4.952628863,Jun-15
b004xi5dgg,p,3,4.952628863,May-15
b004xi5dgg,p,3,4.952628863,Apr-15
b004xi5dgg,p,3,4.952628863,Mar-15
b004xi5dgg,p,3,4.952628863,Feb-15
b004xi5dgg,p,3,4.909222425,Jan-15
b004xi5dgg,p,3,4.909222425,Dec-14
b004xi5dgg,p,3,4.909222425,Nov-14
b004xi5dgg,p,3,4.909222425,Oct-14
b004xi5dgg,p,3,4.909222425,Sep-14
b004xi5dgg,p,3,4.909222425,Aug-14
b004xi5dgg,p,3,4.909222425,Jul-14
b0052elfhg,p,5,4.916441853,Jul-15
b0052elfhg,p,5,4.916441853,Jun-15
b0052elfhg,p,5,4.916441853,May-15
b0052elfhg,p,5,4.916441853,Apr-15
b0052elfhg,p,5,4.916441853,Mar-15
b0052elfhg,p,5,4.916441853,Feb-15
b0052elfhg,p,5,4.873432808,Jan-15
b0052elfhg,p,5,4.873432808,Dec-14
b0052elfhg,p,5,4.873432808,Nov-14
b0052elfhg,p,5,4.873432808,Oct-14
b0052elfhg,p,5,4.873432808,Sep-14
b0052elfhg,p,5,4.873432808,Aug-14
b0052elfhg,p,5,4.873432808,Jul-14
b0052elfhg,p,5,4.873432808,Jun-14
b0052elfhg,p,5,4.873432808,May-14
b0052elfhg,p,5,4.873432808,Apr-14
b0052elfhg,p,5,4.873432808,Mar-14
b0052elfhg,p,5,4.873432808,Feb-14
b0052elfhg,p,5,4.873432808,Jan-14
b0052elfhg,p,5,4.873432808,Dec-13
b0052elfhg,p,5,4.873432808,Nov-13
b0052elfhg,p,5,4.873432808,Oct-13
b0052elfhg,p,5,4.873432808,Sep-13
b0052elfhg,p,5,4.873432808,Aug-13
b004m17xai,p,5,4.877789504,Jul-15
b004m17xai,p,5,4.877789504,Jun-15
b004m17xai,p,5,4.877789504,May-15
b004m17xai,p,5,4.877789504,Apr-15
b004m17xai,p,5,4.877789504,Mar-15
b004m17xai,p,5,4.877789504,Feb-15
b004m17xai,p,5,4.835204927,Jan-15
b004m17xai,p,5,4.835204927,Dec-14
b004m17xai,p,5,4.835204927,Nov-14
b004m17xai,p,5,4.835204927,Oct-14
b004m17xai,p,5,4.835204927,Sep-14
b004m17xai,p,5,4.835204927,Aug-14
b004m17xai,p,5,4.835204927,Jul-14
b004m17xai,p,5,4.835204927,Jun-14
b004m17xai,p,5,4.835204927,May-14
b004m17xai,p,5,4.835204927,Apr-14
b004m17xai,p,5,4.835204927,Mar-14
b004m17xai,p,5,4.835204927,Feb-14
b004m17xai,p,5,4.835204927,Jan-14
b004m17xai,p,5,4.835204927,Dec-13
b004m17xai,p,5,4.835204927,Nov-13
b004m17xai,p,5,4.835204927,Oct-13
b004m17xai,p,5,4.835204927,Sep-13
b004m17xai,p,5,4.835204927,Aug-13