,product_id,star_rating,date,normalized_date
0,B007V7G5TU,3.708333333,2015_7_,42
1,B007V7G5TU,3.829268293,2015_6_,41
2,B007V7G5TU,3.72972973,2015_5_,40
3,B007V7G5TU,3.657142857,2015_4_,39
4,B007V7G5TU,3.464285714,2015_3_,38
5,B007V7G5TU,3.56,2015_2_,37
6,B007V7G5TU,3.333333333,2015_1_,36
7,B007V7G5TU,3.5333333330000003,2014_12_,35
8,B007V7G5TU,3.307692308,2014_11_,34
9,B007V7G5TU,3.25,2014_10_,33
10,B007V7G5TU,3.2,2014_9_,32
11,B007V7G5TU,3.125,2014_8_,31
12,B007V7G5TU,2.857142857,2014_7_,30
13,B007V7G5TU,3.0,2014_6_,29
14,B007V7G5TU,3.5,2014_5_,28
15,B007V7G5TU,3.5,2014_4_,27
16,B007V7G5TU,3.333333333,2014_3_,26
17,B007V7G5TU,2.5,2014_2_,25
18,B007V7G5TU,2.5,2014_1_,24
19,B007V7G5TU,2.5,2013_12_,23
20,B007V7G5TU,2.5,2013_11_,22
21,B007V7G5TU,2.5,2013_10_,21
22,B007V7G5TU,2.5,2013_9_,20
23,B007V7G5TU,2.5,2013_8_,19
24,B007V7G5TU,2.5,2013_7_,18
25,B007V7G5TU,1.0,2013_6_,17
26,B007V7G5TU,1.0,2013_5_,16
27,B007V7G5TU,1.0,2013_4_,15
28,B007V7G5TU,1.0,2013_3_,14
29,B007V7G5TU,1.0,2013_2_,13
30,B007V7G5TU,1.0,2013_1_,12
31,B007V7G5TU,1.0,2012_12_,11
32,B007V7G5TU,1.0,2012_11_,10
33,B007V7G5TU,1.0,2012_10_,9
34,B007V7G5TU,1.0,2012_9_,8
35,B007V7G5TU,1.0,2012_8_,7
36,B007V7G5TU,1.0,2012_7_,6
37,B007V7G5TU,1.0,2012_6_,5
38,B0052G14E8,3.837837838,2015_7_,42
39,B0052G14E8,3.919191919,2015_6_,41
40,B0052G14E8,3.989130435,2015_5_,40
41,B0052G14E8,3.975609756,2015_4_,39
42,B0052G14E8,3.95,2015_3_,38
43,B0052G14E8,3.857142857,2015_2_,37
44,B0052G14E8,3.967741935,2015_1_,36
45,B0052G14E8,4.020408163,2014_12_,35
46,B0052G14E8,4.071428571,2014_11_,34
47,B0052G14E8,4.131578947,2014_10_,33
48,B0052G14E8,4.085714286,2014_9_,32
49,B0052G14E8,4.0645161289999985,2014_8_,31
50,B0052G14E8,3.923076923,2014_7_,30
51,B0052G14E8,4.095238095,2014_6_,29
52,B0052G14E8,4.166666667,2014_5_,28
53,B0052G14E8,4.2,2014_4_,27
54,B0052G14E8,3.857142857,2014_3_,26
55,B0052G14E8,4.0,2014_2_,25
56,B00NQFSSWS,3.571428571,2015_7_,42
57,B00NQFSSWS,3.52173913,2015_6_,41
58,B00NQFSSWS,3.454545455,2015_5_,40
59,B00NQFSSWS,3.428571429,2015_4_,39
60,B00NQFSSWS,3.333333333,2015_3_,38
61,B00NQFSSWS,3.466666667,2015_2_,37
62,B00NQFSSWS,3.25,2015_1_,36
63,B00NQFSSWS,2.333333333,2014_12_,35
64,B005GSZB3M,3.896103896,2015_7_,42
65,B005GSZB3M,3.833333333,2015_6_,41
66,B005GSZB3M,3.833333333,2015_5_,40
67,B005GSZB3M,3.898550725,2015_4_,39
68,B005GSZB3M,3.926470588,2015_3_,38
69,B005GSZB3M,3.955223881,2015_2_,37
70,B005GSZB3M,3.939393939,2015_1_,36
71,B005GSZB3M,3.888888889,2014_12_,35
72,B005GSZB3M,3.896551724,2014_11_,34
73,B005GSZB3M,3.857142857,2014_10_,33
74,B005GSZB3M,3.909090909,2014_9_,32
75,B005GSZB3M,3.888888889,2014_8_,31
76,B005GSZB3M,3.84,2014_7_,30
77,B005GSZB3M,3.911111111,2014_6_,29
78,B005GSZB3M,3.976744186,2014_5_,28
79,B005GSZB3M,3.976744186,2014_4_,27
80,B005GSZB3M,3.951219512,2014_3_,26
81,B005GSZB3M,3.944444444,2014_2_,25
82,B005GSZB3M,4.0285714289999985,2014_1_,24
83,B005GSZB3M,4.0,2013_12_,23
84,B005GSZB3M,3.933333333,2013_11_,22
85,B005GSZB3M,3.96,2013_10_,21
86,B005GSZB3M,4.1363636360000005,2013_9_,20
87,B005GSZB3M,4.0,2013_8_,19
88,B005GSZB3M,3.944444444,2013_7_,18
89,B005GSZB3M,3.733333333,2013_6_,17
90,B005GSZB3M,3.538461538,2013_5_,16
91,B005GSZB3M,3.454545455,2013_4_,15
92,B005GSZB3M,3.3,2013_3_,14
93,B005GSZB3M,3.444444444,2013_2_,13
94,B005GSZB3M,3.714285714,2013_1_,12
95,B005GSZB3M,4.0,2012_12_,11
96,B005GSZB3M,3.333333333,2012_11_,10
97,B005GSZB3M,4.5,2012_10_,9
98,B005GSZB3M,4.5,2012_9_,8
99,B005GSZB3M,4.5,2012_8_,7
100,B005GSZB3M,4.0,2012_7_,6
101,B005GSZB3M,4.0,2012_6_,5
102,B005GSZB3M,4.0,2012_5_,4
103,B005GSZB3M,4.0,2012_4_,3
104,B0055UBB4O,3.95890411,2015_7_,42
105,B0055UBB4O,3.965517241,2015_6_,41
106,B0055UBB4O,3.918367347,2015_5_,40
107,B0055UBB4O,3.794871795,2015_4_,39
108,B0055UBB4O,3.75,2015_3_,38
109,B0055UBB4O,3.7,2015_2_,37
110,B0055UBB4O,3.647058824,2015_1_,36
111,B0055UBB4O,3.5625,2014_12_,35
112,B0055UBB4O,3.461538462,2014_11_,34
113,B0055UBB4O,3.1,2014_10_,33
114,B0055UBB4O,3.0,2014_9_,32
115,B0055UBB4O,2.714285714,2014_8_,31
116,B0055UBB4O,3.0,2014_7_,30
117,B0055UBB4O,3.0,2014_6_,29
118,B0055UBB4O,2.5,2014_5_,28
119,B0055UBB4O,3.0,2014_4_,27
120,B0055UBB4O,3.0,2014_3_,26
121,B0055UBB4O,3.0,2014_2_,25
122,B0055UBB4O,3.0,2014_1_,24
123,B0055UBB4O,1.0,2013_12_,23
124,B0055UBB4O,1.0,2013_11_,22
125,B0055UBB4O,1.0,2013_10_,21
126,B0055UBB4O,1.0,2013_9_,20
127,B0055UBB4O,1.0,2013_8_,19
128,B0055UBB4O,1.0,2013_7_,18
129,B0055UBB4O,1.0,2013_6_,17
130,B0055UBB4O,1.0,2013_5_,16
131,B0055UBB4O,1.0,2013_4_,15
132,B0055UBB4O,1.0,2013_3_,14
133,B0055UBB4O,1.0,2013_2_,13
134,B0055UBB4O,1.0,2013_1_,12
135,B0055UBB4O,1.0,2012_12_,11
136,B0055UBB4O,1.0,2012_11_,10
137,B0055UBB4O,1.0,2012_10_,9
138,B0055UBB4O,1.0,2012_9_,8
139,B0055UBB4O,1.0,2012_8_,7
140,B0055UBB4O,1.0,2012_7_,6
141,B0055UBB4O,1.0,2012_6_,5
142,B00NG0FP7E,3.5,2015_7_,42
143,B00NG0FP7E,3.428571429,2015_6_,41
144,B00NG0FP7E,3.166666667,2015_5_,40
145,B00NG0FP7E,3.166666667,2015_4_,39
146,B00NG0FP7E,3.6,2015_3_,38
147,B00NG0FP7E,3.5,2015_2_,37
148,B00NG0FP7E,3.0,2015_1_,36
149,B002I9QFNC,1.909090909,2015_7_,42
150,B002I9QFNC,1.9,2015_6_,41
151,B002I9QFNC,1.9,2015_5_,40
152,B002I9QFNC,1.9,2015_4_,39
153,B002I9QFNC,1.9,2015_3_,38
154,B002I9QFNC,1.9,2015_2_,37
155,B002I9QFNC,1.9,2015_1_,36
156,B002I9QFNC,1.9,2014_12_,35
157,B002I9QFNC,1.666666667,2014_11_,34
158,B002I9QFNC,1.666666667,2014_10_,33
159,B002I9QFNC,1.75,2014_9_,32
160,B002I9QFNC,1.75,2014_8_,31
161,B002I9QFNC,1.75,2014_7_,30
162,B002I9QFNC,1.857142857,2014_6_,29
163,B002I9QFNC,1.857142857,2014_5_,28
164,B002I9QFNC,1.857142857,2014_4_,27
165,B002I9QFNC,1.833333333,2014_3_,26
166,B002I9QFNC,2.25,2014_2_,25
167,B002I9QFNC,2.25,2014_1_,24
168,B002I9QFNC,2.666666667,2013_12_,23
169,B002I9QFNC,2.666666667,2013_11_,22
170,B002I9QFNC,2.666666667,2013_10_,21
171,B002I9QFNC,2.666666667,2013_9_,20
172,B002I9QFNC,2.666666667,2013_8_,19
173,B002I9QFNC,2.666666667,2013_7_,18
174,B002I9QFNC,2.666666667,2013_6_,17
175,B002I9QFNC,2.666666667,2013_5_,16
176,B002I9QFNC,2.666666667,2013_4_,15
177,B002I9QFNC,2.666666667,2013_3_,14
178,B002I9QFNC,3.5,2013_2_,13
179,B002I9QFNC,3.5,2013_1_,12
180,B002I9QFNC,3.5,2012_12_,11
181,B002I9QFNC,3.5,2012_11_,10
182,B002I9QFNC,3.0,2012_10_,9
183,B002I9QFNC,3.0,2012_9_,8
184,B00DUZ8LBW,4.612903226,2015_7_,42
185,B00DUZ8LBW,4.6,2015_6_,41
186,B00DUZ8LBW,4.620689655,2015_5_,40
187,B00DUZ8LBW,4.666666667,2015_4_,39
188,B00DUZ8LBW,4.6363636360000005,2015_3_,38
189,B00DUZ8LBW,4.578947368,2015_2_,37
190,B00DUZ8LBW,4.529411765,2015_1_,36
191,B00DUZ8LBW,4.529411765,2014_12_,35
192,B00DUZ8LBW,4.5,2014_11_,34
193,B00DUZ8LBW,4.5,2014_10_,33
194,B00DUZ8LBW,4.5,2014_9_,32
195,B00DUZ8LBW,4.5,2014_8_,31
196,B00DUZ8LBW,4.538461538,2014_7_,30
197,B00DUZ8LBW,4.454545455,2014_6_,29
198,B00DUZ8LBW,4.454545455,2014_5_,28
199,B00DUZ8LBW,4.666666667,2014_4_,27
200,B00DUZ8LBW,4.625,2014_3_,26
201,B00DUZ8LBW,4.4,2014_2_,25
202,B00DUZ8LBW,4.5,2014_1_,24
203,B00DUZ8LBW,4.333333333,2013_12_,23
204,B00DUZ8LBW,4.333333333,2013_11_,22
205,B00DUZ8LBW,4.0,2013_10_,21
206,B0052G51AQ,4.035087719,2015_7_,42
207,B0052G51AQ,4.038461538,2015_6_,41
208,B0052G51AQ,4.040816327,2015_5_,40
209,B0052G51AQ,4.040816327,2015_4_,39
210,B0052G51AQ,3.955555556,2015_3_,38
211,B0052G51AQ,4.0256410260000015,2015_2_,37
212,B0052G51AQ,4.233333333,2015_1_,36
213,B0052G51AQ,4.25,2014_12_,35
214,B0052G51AQ,4.347826087,2014_11_,34
215,B0052G51AQ,4.388888889,2014_10_,33
216,B0052G51AQ,4.375,2014_9_,32
217,B0052G51AQ,4.090909091,2014_8_,31
218,B0052G51AQ,3.571428571,2014_7_,30
219,B0052G51AQ,4.0,2014_6_,29
220,B0052G51AQ,4.0,2014_5_,28
221,B0052G51AQ,3.5,2014_4_,27
222,B0052G51AQ,3.0,2014_3_,26
223,B0052G51AQ,3.0,2014_2_,25
224,B0052G51AQ,3.0,2014_1_,24
225,B005GSZB9Q,4.150684932,2015_7_,42
226,B005GSZB9Q,4.138888889,2015_6_,41
227,B005GSZB9Q,4.138888889,2015_5_,40
228,B005GSZB9Q,4.171428571,2015_4_,39
229,B005GSZB9Q,4.194029851,2015_3_,38
230,B005GSZB9Q,4.169230769,2015_2_,37
231,B005GSZB9Q,4.193548387,2015_1_,36
232,B005GSZB9Q,4.245901639,2014_12_,35
233,B005GSZB9Q,4.237288136,2014_11_,34
234,B005GSZB9Q,4.327272727,2014_10_,33
235,B005GSZB9Q,4.327272727,2014_9_,32
236,B005GSZB9Q,4.320754717,2014_8_,31
237,B005GSZB9Q,4.307692308,2014_7_,30
238,B005GSZB9Q,4.36,2014_6_,29
239,B005GSZB9Q,4.346938776,2014_5_,28
240,B005GSZB9Q,4.326086957,2014_4_,27
241,B005GSZB9Q,4.302325581,2014_3_,26
242,B005GSZB9Q,4.365853659,2014_2_,25
243,B005GSZB9Q,4.41025641,2014_1_,24
244,B005GSZB9Q,4.3823529410000015,2013_12_,23
245,B005GSZB9Q,4.393939393999998,2013_11_,22
246,B005GSZB9Q,4.35483871,2013_10_,21
247,B005GSZB9Q,4.379310345,2013_9_,20
248,B005GSZB9Q,4.37037037,2013_8_,19
249,B005GSZB9Q,4.37037037,2013_7_,18
250,B005GSZB9Q,4.36,2013_6_,17
251,B005GSZB9Q,4.473684211,2013_5_,16
252,B005GSZB9Q,4.4117647060000005,2013_4_,15
253,B005GSZB9Q,4.538461538,2013_3_,14
254,B005GSZB9Q,4.538461538,2013_2_,13
255,B005GSZB9Q,4.727272727,2013_1_,12
256,B005GSZB9Q,4.7,2012_12_,11
257,B005GSZB9Q,4.666666667,2012_11_,10
258,B005GSZB9Q,4.666666667,2012_10_,9
259,B005GSZB9Q,4.625,2012_9_,8
260,B005GSZB9Q,4.8,2012_8_,7
261,B005GSZB9Q,4.75,2012_7_,6
262,B005GSZB9Q,4.666666667,2012_6_,5
263,B005GSZB9Q,4.5,2012_5_,4
264,B005GSZB9Q,4.0,2012_4_,3
265,B005GSZB9Q,4.0,2012_3_,2
266,B005GSZB9Q,4.0,2012_2_,1
267,B003KI1W3I,4.8125,2015_7_,42
268,B003KI1W3I,4.866666667,2015_6_,41
269,B003KI1W3I,4.866666667,2015_5_,40
270,B003KI1W3I,4.866666667,2015_4_,39
271,B003KI1W3I,4.928571429,2015_3_,38
272,B003KI1W3I,4.928571429,2015_2_,37
273,B003KI1W3I,4.928571429,2015_1_,36
274,B003KI1W3I,5.0,2014_12_,35
275,B003KI1W3I,5.0,2014_11_,34
276,B003KI1W3I,5.0,2014_10_,33
277,B003KI1W3I,5.0,2014_9_,32
278,B003KI1W3I,5.0,2014_8_,31
279,B003KI1W3I,5.0,2014_7_,30
280,B003KI1W3I,5.0,2014_6_,29
281,B003KI1W3I,5.0,2014_5_,28
282,B003KI1W3I,5.0,2014_4_,27
283,B003KI1W3I,5.0,2014_3_,26
284,B003KI1W3I,5.0,2014_2_,25
285,B003KI1W3I,5.0,2014_1_,24
286,B003KI1W3I,5.0,2013_12_,23
287,B003KI1W3I,5.0,2013_11_,22
288,B003KI1W3I,5.0,2013_10_,21
289,B003KI1W3I,5.0,2013_9_,20
290,B003KI1W3I,5.0,2013_8_,19
291,B003KI1W3I,5.0,2013_7_,18
292,B003KI1W3I,5.0,2013_6_,17
293,B003KI1W3I,5.0,2013_5_,16
294,B003KI1W3I,5.0,2013_4_,15
295,B003KI1W3I,5.0,2013_3_,14
296,B003KI1W3I,5.0,2013_2_,13
297,B003KI1W3I,5.0,2013_1_,12
298,B003KI1W3I,5.0,2012_12_,11
299,B003KI1W3I,5.0,2012_11_,10
300,B001QFYDSI,3.535714286,2015_7_,42
301,B001QFYDSI,3.5555555560000003,2015_6_,41
302,B001QFYDSI,3.528301887,2015_5_,40
303,B001QFYDSI,3.528301887,2015_4_,39
304,B001QFYDSI,3.528301887,2015_3_,38
305,B001QFYDSI,3.576923077,2015_2_,37
306,B001QFYDSI,3.5,2015_1_,36
307,B001QFYDSI,3.642857143,2014_12_,35
308,B001QFYDSI,3.675,2014_11_,34
309,B001QFYDSI,3.605263158,2014_10_,33
310,B001QFYDSI,3.638888889,2014_9_,32
311,B001QFYDSI,3.638888889,2014_8_,31
312,B001QFYDSI,3.757575758,2014_7_,30
313,B001QFYDSI,3.757575758,2014_6_,29
314,B001QFYDSI,3.806451613,2014_5_,28
315,B001QFYDSI,3.806451613,2014_4_,27
316,B001QFYDSI,3.806451613,2014_3_,26
317,B001QFYDSI,3.884615385,2014_2_,25
318,B001QFYDSI,3.791666667,2014_1_,24
319,B001QFYDSI,4.15,2013_12_,23
320,B001QFYDSI,4.0,2013_11_,22
321,B001QFYDSI,3.9375,2013_10_,21
322,B001QFYDSI,3.9375,2013_9_,20
323,B001QFYDSI,3.916666667,2013_8_,19
324,B001QFYDSI,3.909090909,2013_7_,18
325,B001QFYDSI,3.666666667,2013_6_,17
326,B001QFYDSI,3.857142857,2013_5_,16
327,B001QFYDSI,3.666666667,2013_4_,15
328,B001QFYDSI,3.666666667,2013_3_,14
329,B001QFYDSI,3.4,2013_2_,13
330,B001QFYDSI,3.25,2013_1_,12
331,B001QFYDSI,3.25,2012_12_,11
332,B001QFYDSI,3.25,2012_11_,10
333,B001QFYDSI,3.25,2012_10_,9
334,B001QFYDSI,3.25,2012_9_,8
335,B001QFYDSI,3.25,2012_8_,7
336,B001QFYDSI,2.666666667,2012_7_,6
337,B001QFYDSI,2.666666667,2012_6_,5
338,B001QFYDSI,1.5,2012_5_,4
339,B001QFYDSI,1.5,2012_4_,3
340,B001QFYDSI,1.5,2012_3_,2
341,B008F07MPS,3.428571429,2015_7_,42
342,B008F07MPS,3.307692308,2015_6_,41
343,B008F07MPS,3.25,2015_5_,40
344,B008F07MPS,3.4,2015_4_,39
345,B008F07MPS,3.4,2015_3_,38
346,B008F07MPS,3.4,2015_2_,37
347,B008F07MPS,3.4,2015_1_,36
348,B008F07MPS,3.4,2014_12_,35
349,B008F07MPS,3.4,2014_11_,34
350,B008F07MPS,3.5,2014_10_,33
351,B008F07MPS,3.5,2014_9_,32
352,B008F07MPS,3.5,2014_8_,31
353,B008F07MPS,3.571428571,2014_7_,30
354,B008F07MPS,3.571428571,2014_6_,29
355,B008F07MPS,3.833333333,2014_5_,28
356,B008F07MPS,3.833333333,2014_4_,27
357,B008F07MPS,3.833333333,2014_3_,26
358,B008F07MPS,3.833333333,2014_2_,25
359,B008F07MPS,3.833333333,2014_1_,24
360,B008F07MPS,3.8,2013_12_,23
361,B008F07MPS,3.8,2013_11_,22
362,B008F07MPS,3.8,2013_10_,21
363,B008F07MPS,3.8,2013_9_,20
364,B008F07MPS,3.8,2013_8_,19
365,B008F07MPS,3.8,2013_7_,18
366,B008F07MPS,3.8,2013_6_,17
367,B008F07MPS,4.25,2013_5_,16
368,B008F07MPS,4.25,2013_4_,15
369,B008F07MPS,4.25,2013_3_,14
370,B008F07MPS,4.25,2013_2_,13
371,B008F07MPS,4.333333333,2013_1_,12
372,B008F07MPS,4.5,2012_12_,11
373,B008F07MPS,4.5,2012_11_,10
374,B008F07MPS,4.0,2012_10_,9
375,B00NXRHIO8,4.333333333,2015_7_,42
376,B00NXRHIO8,4.2,2015_6_,41
377,B00NXRHIO8,4.2,2015_5_,40
378,B00NXRHIO8,4.2,2015_4_,39
379,B00NXRHIO8,4.1111111110000005,2015_3_,38
380,B00NXRHIO8,4.5,2015_2_,37
381,B00NXRHIO8,4.428571429,2015_1_,36
382,B004ZUWBVW,3.631578947,2015_7_,42
383,B004ZUWBVW,3.4,2015_6_,41
384,B004ZUWBVW,3.230769231,2015_5_,40
385,B004ZUWBVW,3.083333333,2015_4_,39
386,B004ZUWBVW,2.909090909,2015_3_,38
387,B004ZUWBVW,2.857142857,2015_2_,37
388,B004ZUWBVW,2.75,2015_1_,36
389,B004ZUWBVW,1.0,2014_12_,35
390,B004ZUWBVW,1.0,2014_11_,34
391,B004ZUWBVW,1.0,2014_10_,33
392,B004ZUWBVW,1.0,2014_9_,32
393,B004ZUWBVW,1.0,2014_8_,31
394,B004ZUWBVW,1.0,2014_7_,30
395,B004ZUWBVW,1.0,2014_6_,29
396,B004ZUWBVW,1.0,2014_5_,28
397,B004ZUWBVW,1.0,2014_4_,27
398,B004ZUWBVW,1.0,2014_3_,26
399,B004ZUWBVW,1.0,2014_2_,25
400,B004ZUWBVW,1.0,2014_1_,24
401,B004ZUWBVW,1.0,2013_12_,23
402,B004ZUWBVW,1.0,2013_11_,22
403,B004ZUWBVW,1.0,2013_10_,21
404,B004ZUWBVW,1.0,2013_9_,20
405,B004ZUWBVW,1.0,2013_8_,19
406,B004ZUWBVW,1.0,2013_7_,18
407,B004ZUWBVW,1.0,2013_6_,17
408,B004ZUWBVW,1.0,2013_5_,16
409,B004ZUWBVW,1.0,2013_4_,15
410,B004ZUWBVW,1.0,2013_3_,14
411,B004ZUWBVW,1.0,2013_2_,13
412,B004ZUWBVW,1.0,2013_1_,12
413,B004ZUWBVW,1.0,2012_12_,11
414,B004ZUWBVW,1.0,2012_11_,10
415,B004ZUWBVW,1.0,2012_10_,9
416,B004ZUWBVW,1.0,2012_9_,8
417,B004ZUWBVW,1.0,2012_8_,7
418,B004ZUWBVW,1.0,2012_7_,6
419,B004ZUWBVW,1.0,2012_6_,5
420,B004ZU09QQ,4.04,2015_7_,42
421,B004ZU09QQ,4.0,2015_6_,41
422,B004ZU09QQ,3.8,2015_5_,40
423,B004ZU09QQ,3.736842105,2015_4_,39
424,B004ZU09QQ,3.882352941,2015_3_,38
425,B004ZU09QQ,4.066666667,2015_2_,37
426,B004ZU09QQ,4.066666667,2015_1_,36
427,B004ZU09QQ,4.083333333,2014_12_,35
428,B004ZU09QQ,4.083333333,2014_11_,34
429,B004ZU09QQ,3.888888889,2014_10_,33
430,B004ZU09QQ,3.5,2014_9_,32
431,B004ZU09QQ,3.2,2014_8_,31
432,B004ZU09QQ,3.2,2014_7_,30
433,B004ZU09QQ,2.5,2014_6_,29
434,B005GSZB7I,4.108108108,2015_7_,42
435,B005GSZB7I,4.136986301,2015_6_,41
436,B005GSZB7I,4.101449275,2015_5_,40
437,B005GSZB7I,4.090909091,2015_4_,39
438,B005GSZB7I,4.1111111110000005,2015_3_,38
439,B005GSZB7I,4.116666667,2015_2_,37
440,B005GSZB7I,4.120689655,2015_1_,36
441,B005GSZB7I,4.12962963,2014_12_,35
442,B005GSZB7I,4.096153846,2014_11_,34
443,B005GSZB7I,4.127659574,2014_10_,33
444,B005GSZB7I,4.318181818,2014_9_,32
445,B005GSZB7I,4.318181818,2014_8_,31
446,B005GSZB7I,4.365853659,2014_7_,30
447,B005GSZB7I,4.3421052630000005,2014_6_,29
448,B005GSZB7I,4.333333333,2014_5_,28
449,B005GSZB7I,4.333333333,2014_4_,27
450,B005GSZB7I,4.272727273,2014_3_,26
451,B005GSZB7I,4.3125,2014_2_,25
452,B005GSZB7I,4.24137931,2014_1_,24
453,B005GSZB7I,4.28,2013_12_,23
454,B005GSZB7I,4.347826087,2013_11_,22
455,B005GSZB7I,4.476190476,2013_10_,21
456,B005GSZB7I,4.6,2013_9_,20
457,B005GSZB7I,4.6111111110000005,2013_8_,19
458,B005GSZB7I,4.588235294,2013_7_,18
459,B005GSZB7I,4.588235294,2013_6_,17
460,B005GSZB7I,4.5625,2013_5_,16
461,B005GSZB7I,4.416666667,2013_4_,15
462,B005GSZB7I,4.444444444,2013_3_,14
463,B005GSZB7I,4.444444444,2013_2_,13
464,B005GSZB7I,4.444444444,2013_1_,12
465,B005GSZB7I,4.428571429,2012_12_,11
466,B005GSZB7I,4.333333333,2012_11_,10
467,B005GSZB7I,4.8,2012_10_,9
468,B005GSZB7I,4.75,2012_9_,8
469,B005GSZB7I,4.75,2012_8_,7
470,B005GSZB7I,4.666666667,2012_7_,6
471,B005GSZB7I,4.5,2012_6_,5
472,B005GSZB7I,4.0,2012_5_,4
473,B004NXUJ60,4.5,2015_7_,42
474,B004NXUJ60,4.492537313,2015_6_,41
475,B004NXUJ60,4.484375,2015_5_,40
476,B004NXUJ60,4.466666667,2015_4_,39
477,B004NXUJ60,4.5,2015_3_,38
478,B004NXUJ60,4.490566038,2015_2_,37
479,B004NXUJ60,4.448979592,2015_1_,36
480,B004NXUJ60,4.434782609,2014_12_,35
481,B004NXUJ60,4.454545455,2014_11_,34
482,B004NXUJ60,4.441860465,2014_10_,33
483,B004NXUJ60,4.425,2014_9_,32
484,B004NXUJ60,4.513513514,2014_8_,31
485,B004NXUJ60,4.514285714,2014_7_,30
486,B004NXUJ60,4.466666667,2014_6_,29
487,B004NXUJ60,4.428571429,2014_5_,28
488,B004NXUJ60,4.5,2014_4_,27
489,B004NXUJ60,4.80952381,2014_3_,26
490,B004NXUJ60,4.875,2014_2_,25
491,B004NXUJ60,4.866666667,2014_1_,24
492,B004NXUJ60,4.846153846,2013_12_,23
493,B004NXUJ60,4.818181818,2013_11_,22
494,B004NXUJ60,4.777777778,2013_10_,21
495,B004NXUJ60,4.777777778,2013_9_,20
496,B004NXUJ60,4.75,2013_8_,19
497,B004NXUJ60,4.75,2013_7_,18
498,B004NXUJ60,4.75,2013_6_,17
499,B004NXUJ60,4.75,2013_5_,16
500,B004NXUJ60,4.75,2013_4_,15
501,B004NXUJ60,4.666666667,2013_3_,14
502,B004NXUJ60,4.666666667,2013_2_,13
503,B004NXUJ60,4.666666667,2013_1_,12
504,B004NXUJ60,5.0,2012_12_,11
505,B00NN136NQ,3.423076923,2015_7_,42
506,B00NN136NQ,3.52,2015_6_,41
507,B00NN136NQ,3.5652173910000005,2015_5_,40
508,B00NN136NQ,3.45,2015_4_,39
509,B00NN136NQ,3.722222222,2015_3_,38
510,B00NN136NQ,4.1428571430000005,2015_2_,37
511,B00NN136NQ,4.1428571430000005,2015_1_,36
512,B00NN136NQ,3.5,2014_12_,35
513,B00012ORSS,4.3,2015_7_,42
514,B00012ORSS,4.3684210530000005,2015_6_,41
515,B00012ORSS,4.3684210530000005,2015_5_,40
516,B00012ORSS,4.3684210530000005,2015_4_,39
517,B00012ORSS,4.3684210530000005,2015_3_,38
518,B00012ORSS,4.444444444,2015_2_,37
519,B00012ORSS,4.444444444,2015_1_,36
520,B00012ORSS,4.444444444,2014_12_,35
521,B00012ORSS,4.4117647060000005,2014_11_,34
522,B00012ORSS,4.4117647060000005,2014_10_,33
523,B00012ORSS,4.4117647060000005,2014_9_,32
524,B00012ORSS,4.4117647060000005,2014_8_,31
525,B00012ORSS,4.375,2014_7_,30
526,B00012ORSS,4.466666667,2014_6_,29
527,B00012ORSS,4.466666667,2014_5_,28
528,B00012ORSS,4.692307692,2014_4_,27
529,B00012ORSS,4.692307692,2014_3_,26
530,B00012ORSS,4.692307692,2014_2_,25
531,B00012ORSS,4.692307692,2014_1_,24
532,B00012ORSS,4.6363636360000005,2013_12_,23
533,B00012ORSS,4.6,2013_11_,22
534,B00012ORSS,4.666666667,2013_10_,21
535,B00012ORSS,4.75,2013_9_,20
536,B00012ORSS,4.714285714,2013_8_,19
537,B00012ORSS,4.666666667,2013_7_,18
538,B00012ORSS,4.666666667,2013_6_,17
539,B00012ORSS,4.666666667,2013_5_,16
540,B00012ORSS,4.666666667,2013_4_,15
541,B00012ORSS,4.6,2013_3_,14
542,B00012ORSS,4.5,2013_2_,13
543,B00012ORSS,5.0,2013_1_,12
544,B00012ORSS,5.0,2012_12_,11
545,B00012ORSS,5.0,2012_11_,10
546,B00012ORSS,5.0,2012_10_,9
547,B00012ORSS,5.0,2012_9_,8
548,B0024SLF3M,4.5,2015_7_,42
549,B0024SLF3M,5.0,2015_6_,41
550,B0024SLF3M,5.0,2015_5_,40
551,B0024SLF3M,5.0,2015_4_,39
552,B0024SLF3M,5.0,2015_3_,38
553,B0024SLF3M,5.0,2015_2_,37
554,B0024SLF3M,5.0,2015_1_,36
555,B0024SLF3M,5.0,2014_12_,35
556,B0024SLF3M,5.0,2014_11_,34
557,B0024SLF3M,5.0,2014_10_,33
558,b00xyve4b8,4.0,2015_7_,42
559,b00kj07sem,4.0,2015_7_,42
560,b005dnsdey,5.0,2015_7_,42
561,b001yqgdtq,1.0,2015_7_,42
562,b00b2npkrm,4.0,2015_7_,42
563,B007XZ8FNO,1.4615384619999998,2015_7_,42
564,B007XZ8FNO,1.545454545,2015_6_,41
565,B007XZ8FNO,1.545454545,2015_5_,40
566,B007XZ8FNO,1.545454545,2015_4_,39
567,B007XZ8FNO,1.545454545,2015_3_,38
568,B007XZ8FNO,1.6,2015_2_,37
569,B007XZ8FNO,1.4444444440000002,2015_1_,36
570,B007XZ8FNO,1.4444444440000002,2014_12_,35
571,B007XZ8FNO,1.4444444440000002,2014_11_,34
572,B007XZ8FNO,1.4444444440000002,2014_10_,33
573,B007XZ8FNO,1.375,2014_9_,32
574,B007XZ8FNO,1.5,2014_8_,31
575,B007XZ8FNO,1.5,2014_7_,30
576,B007XZ8FNO,1.6,2014_6_,29
577,B007XZ8FNO,1.6,2014_5_,28
578,B007XZ8FNO,1.6,2014_4_,27
579,B007XZ8FNO,1.6,2014_3_,26
580,B007XZ8FNO,1.75,2014_2_,25
581,B007XZ8FNO,1.75,2014_1_,24
582,B007XZ8FNO,1.0,2013_12_,23
583,B007XZ8FNO,1.0,2013_11_,22
584,B007XZ8FNO,1.0,2013_10_,21
585,B007XZ8FNO,1.0,2013_9_,20
586,B007XZ8FNO,1.0,2013_8_,19
587,B007XZ8FNO,1.0,2013_7_,18
588,B007XZ8FNO,1.0,2013_6_,17
589,B00012ORT2,4.222222222,2015_7_,42
590,B00012ORT2,4.125,2015_6_,41
591,B00012ORT2,4.125,2015_5_,40
592,B00012ORT2,4.125,2015_4_,39
593,B00012ORT2,4.285714286,2015_3_,38
594,B00012ORT2,4.285714286,2015_2_,37
595,B00012ORT2,4.285714286,2015_1_,36
596,B00012ORT2,4.285714286,2014_12_,35
597,B00012ORT2,4.166666667,2014_11_,34
598,B00012ORT2,4.2,2014_10_,33
599,B00012ORT2,4.2,2014_9_,32
600,B00012ORT2,4.2,2014_8_,31
601,B00012ORT2,4.2,2014_7_,30
602,B00012ORT2,4.2,2014_6_,29
603,B00012ORT2,4.2,2014_5_,28
604,B00012ORT2,4.2,2014_4_,27
605,B00012ORT2,3.666666667,2014_3_,26
606,B00012ORT2,3.666666667,2014_2_,25
607,B00012ORT2,3.666666667,2014_1_,24
608,B00012ORT2,3.666666667,2013_12_,23
609,B00012ORT2,4.0,2013_11_,22
610,B00012ORT2,4.0,2013_10_,21
611,B00012ORT2,4.0,2013_9_,20
612,B00012ORT2,4.0,2013_8_,19
613,B00012ORT2,4.0,2013_7_,18
614,B00012ORT2,4.0,2013_6_,17
615,B00012ORT2,4.0,2013_5_,16
616,B00012ORT2,4.0,2013_4_,15
617,B00012ORT2,4.0,2013_3_,14
618,B0058CLNBU,1.75,2015_7_,42
619,B0058CLNBU,1.75,2015_6_,41
620,B0058CLNBU,1.759493671,2015_5_,40
621,B0058CLNBU,1.759493671,2015_4_,39
622,B0058CLNBU,1.769230769,2015_3_,38
623,B0058CLNBU,1.779220779,2015_2_,37
624,B0058CLNBU,1.779220779,2015_1_,36
625,B0058CLNBU,1.779220779,2014_12_,35
626,B0058CLNBU,1.789473684,2014_11_,34
627,B0058CLNBU,1.789473684,2014_10_,33
628,B0058CLNBU,1.7432432430000002,2014_9_,32
629,B0058CLNBU,1.708333333,2014_8_,31
630,B0058CLNBU,1.708333333,2014_7_,30
631,B0058CLNBU,1.686567164,2014_6_,29
632,B0058CLNBU,1.703125,2014_5_,28
633,B0058CLNBU,1.714285714,2014_4_,27
634,B0058CLNBU,1.694915254,2014_3_,26
635,B0058CLNBU,1.732142857,2014_2_,25
636,B0058CLNBU,1.745454545,2014_1_,24
637,B0058CLNBU,1.769230769,2013_12_,23
638,B0058CLNBU,1.833333333,2013_11_,22
639,B0058CLNBU,1.813953488,2013_10_,21
640,B0058CLNBU,1.8,2013_9_,20
641,B0058CLNBU,1.7567567569999998,2013_8_,19
642,B0058CLNBU,1.794117647,2013_7_,18
643,B0058CLNBU,1.84375,2013_6_,17
644,B0058CLNBU,1.9,2013_5_,16
645,B0058CLNBU,1.821428571,2013_4_,15
646,B0058CLNBU,1.884615385,2013_3_,14
647,B0058CLNBU,1.884615385,2013_2_,13
648,B0058CLNBU,1.826086957,2013_1_,12
649,B0058CLNBU,1.761904762,2012_12_,11
650,B0058CLNBU,1.611111111,2012_11_,10
651,B0058CLNBU,1.5,2012_10_,9
652,B0058CLNBU,1.7,2012_9_,8
653,B0058CLNBU,1.875,2012_8_,7
654,B0058CLNBU,1.8,2012_7_,6
655,B0058CLNBU,2.0,2012_6_,5
656,B0058CLNBU,2.0,2012_5_,4
657,B0058CLNBU,3.0,2012_4_,3
658,B0011YHN7M,1.1,2015_7_,42
659,B0011YHN7M,1.1,2015_6_,41
660,B0011YHN7M,1.111111111,2015_5_,40
661,B0011YHN7M,1.111111111,2015_4_,39
662,B0011YHN7M,1.111111111,2015_3_,38
663,B0011YHN7M,1.166666667,2015_2_,37
664,B0011YHN7M,1.166666667,2015_1_,36
665,B0011YHN7M,1.166666667,2014_12_,35
666,B0011YHN7M,1.166666667,2014_11_,34
667,B0011YHN7M,1.166666667,2014_10_,33
668,B0011YHN7M,1.166666667,2014_9_,32
669,B0011YHN7M,1.2,2014_8_,31
670,B0011YHN7M,1.2,2014_7_,30
671,B0011YHN7M,1.2,2014_6_,29
672,B0011YHN7M,1.2,2014_5_,28
673,B0011YHN7M,1.2,2014_4_,27
674,B0011YHN7M,1.2,2014_3_,26
675,B0011YHN7M,1.2,2014_2_,25
676,B0011YHN7M,1.2,2014_1_,24
677,B0011YHN7M,1.2,2013_12_,23
678,B0011YHN7M,1.2,2013_11_,22
679,B0011YHN7M,1.2,2013_10_,21
680,B0011YHN7M,1.2,2013_9_,20
681,B0011YHN7M,1.25,2013_8_,19
682,B0011YHN7M,1.25,2013_7_,18
683,B0011YHN7M,1.25,2013_6_,17
684,B0011YHN7M,1.25,2013_5_,16
685,B0011YHN7M,1.25,2013_4_,15
686,B0011YHN7M,1.333333333,2013_3_,14
687,B0011YHN7M,1.333333333,2013_2_,13
688,B0011YHN7M,1.333333333,2013_1_,12
689,B0011YHN7M,1.5,2012_12_,11
690,B0011YHN7M,1.0,2012_11_,10
691,B0011YHN7M,1.0,2012_10_,9
692,B0011YHN7M,1.0,2012_9_,8
693,B0011YHN7M,1.0,2012_8_,7
694,B0011YHN7M,1.0,2012_7_,6
695,B0011YHN7M,1.0,2012_6_,5
696,B0011YHN7M,1.0,2012_5_,4
697,B0011YHN7M,1.0,2012_4_,3
698,B008MD2RH6,3.933333333,2015_7_,42
699,B008MD2RH6,3.933333333,2015_6_,41
700,B008MD2RH6,3.909090909,2015_5_,40
701,B008MD2RH6,4.0,2015_4_,39
702,B008MD2RH6,3.875,2015_3_,38
703,B008MD2RH6,3.875,2015_2_,37
704,B008MD2RH6,3.5,2015_1_,36
705,B008MD2RH6,3.5,2014_12_,35
706,B008MD2RH6,3.5,2014_11_,34
707,B008MD2RH6,3.5,2014_10_,33
708,B008MD2RH6,3.4,2014_9_,32
709,B008MD2RH6,4.0,2014_8_,31
710,B008MD2RH6,4.0,2014_7_,30
711,B008MD2RH6,4.0,2014_6_,29
712,B008MD2RH6,4.0,2014_5_,28
713,B008MD2RH6,4.0,2014_4_,27
714,B008MD2RH6,4.0,2014_3_,26
715,B000ZIPHM8,1.75,2015_7_,42
716,B000ZIPHM8,1.75,2015_6_,41
717,B000ZIPHM8,1.818181818,2015_5_,40
718,B000ZIPHM8,1.818181818,2015_4_,39
719,B000ZIPHM8,1.818181818,2015_3_,38
720,B000ZIPHM8,1.818181818,2015_2_,37
721,B000ZIPHM8,1.818181818,2015_1_,36
722,B000ZIPHM8,1.818181818,2014_12_,35
723,B000ZIPHM8,1.818181818,2014_11_,34
724,B000ZIPHM8,1.818181818,2014_10_,33
725,B000ZIPHM8,1.9,2014_9_,32
726,B000ZIPHM8,2.0,2014_8_,31
727,B000ZIPHM8,2.0,2014_7_,30
728,B000ZIPHM8,2.0,2014_6_,29
729,B000ZIPHM8,2.0,2014_5_,28
730,B000ZIPHM8,2.0,2014_4_,27
731,B000ZIPHM8,2.0,2014_3_,26
732,B000ZIPHM8,2.0,2014_2_,25
733,B000ZIPHM8,2.285714286,2014_1_,24
734,B000ZIPHM8,2.285714286,2013_12_,23
735,B000ZIPHM8,2.5,2013_11_,22
736,B000ZIPHM8,2.5,2013_10_,21
737,B000ZIPHM8,2.2,2013_9_,20
738,B000ZIPHM8,2.2,2013_8_,19
739,B000ZIPHM8,2.2,2013_7_,18
740,B000ZIPHM8,2.2,2013_6_,17
741,B000ZIPHM8,2.2,2013_5_,16
742,B000ZIPHM8,2.2,2013_4_,15
743,B000ZIPHM8,2.2,2013_3_,14
744,B000ZIPHM8,2.2,2013_2_,13
745,B000ZIPHM8,2.2,2013_1_,12
746,B000ZIPHM8,2.2,2012_12_,11
747,B000ZIPHM8,2.5,2012_11_,10
748,B000ZIPHM8,2.5,2012_10_,9
749,B000ZIPHM8,2.5,2012_9_,8
750,B000ZIPHM8,3.0,2012_8_,7
751,B000ZIPHM8,3.0,2012_7_,6
752,B000ZIPHM8,2.0,2012_6_,5
753,B000ZIPHM8,2.0,2012_5_,4
754,B000ZIPHM8,2.0,2012_4_,3
755,B000ZIPHM8,2.0,2012_3_,2
756,B000ZIPHM8,2.0,2012_2_,1
757,B000ZIPHM8,2.0,2012_1_,0
758,B00G4CV606,4.6363636360000005,2015_7_,42
759,B00G4CV606,4.6363636360000005,2015_6_,41
760,B00G4CV606,4.428571429,2015_5_,40
761,B00G4CV606,4.333333333,2015_4_,39
762,B00G4CV606,4.2,2015_3_,38
763,B00G4CV606,4.2,2015_2_,37
764,B00G4CV606,4.2,2015_1_,36
765,B00G4CV606,4.2,2014_12_,35
766,B00G4CV606,4.2,2014_11_,34
767,B00G4CV606,4.25,2014_10_,33
768,B00G4CV606,4.0,2014_9_,32
769,B00G4CV606,4.0,2014_8_,31
770,B00G4CV606,4.5,2014_7_,30
771,B00G4CV606,4.0,2014_6_,29
772,B00G4CV606,4.0,2014_5_,28
773,B00G4CV606,4.0,2014_4_,27
774,B00G4CV606,4.0,2014_3_,26
775,B00G4CV606,4.0,2014_2_,25
776,B0043GDSR4,2.833333333,2015_7_,42
777,B0043GDSR4,2.833333333,2015_6_,41
778,B0043GDSR4,3.2,2015_5_,40
779,B0043GDSR4,3.2,2015_4_,39
780,B0043GDSR4,3.444444444,2015_3_,38
781,B0043GDSR4,3.444444444,2015_2_,37
782,B0043GDSR4,3.5,2015_1_,36
783,B0043GDSR4,3.5,2014_12_,35
784,B0043GDSR4,3.5,2014_11_,34
785,B0043GDSR4,3.5,2014_10_,33
786,B0043GDSR4,3.5,2014_9_,32
787,B0043GDSR4,3.285714286,2014_8_,31
788,B0043GDSR4,3.285714286,2014_7_,30
789,B0043GDSR4,3.285714286,2014_6_,29
790,B0043GDSR4,3.285714286,2014_5_,28
791,B0043GDSR4,3.285714286,2014_4_,27
792,B0043GDSR4,3.666666667,2014_3_,26
793,B0043GDSR4,3.4,2014_2_,25
794,B0043GDSR4,3.4,2014_1_,24
795,B0043GDSR4,3.4,2013_12_,23
796,B0043GDSR4,3.25,2013_11_,22
797,B0043GDSR4,4.0,2013_10_,21
798,B0043GDSR4,4.0,2013_9_,20
799,B0043GDSR4,5.0,2013_8_,19
800,B0043GDSR4,5.0,2013_7_,18
801,B0043GDSR4,5.0,2013_6_,17
802,B0043GDSR4,5.0,2013_5_,16
803,B00413662I,4.5,2015_7_,42
804,B00413662I,4.5,2015_6_,41
805,B00413662I,4.454545455,2015_5_,40
806,B00413662I,4.4,2015_4_,39
807,B00413662I,4.444444444,2015_3_,38
808,B00413662I,4.375,2015_2_,37
809,B00413662I,4.375,2015_1_,36
810,B00413662I,4.285714286,2014_12_,35
811,B00413662I,4.166666667,2014_11_,34
812,B00413662I,4.8,2014_10_,33
813,B00413662I,4.8,2014_9_,32
814,B00413662I,4.8,2014_8_,31
815,B00413662I,4.8,2014_7_,30
816,B00413662I,4.8,2014_6_,29
817,B00413662I,4.8,2014_5_,28
818,B00413662I,4.8,2014_4_,27
819,B00413662I,4.75,2014_3_,26
820,B00413662I,4.75,2014_2_,25
821,B00413662I,4.75,2014_1_,24
822,B00413662I,4.75,2013_12_,23
823,B00413662I,4.75,2013_11_,22
824,B00413662I,4.75,2013_10_,21
825,B00413662I,4.75,2013_9_,20
826,B00413662I,4.75,2013_8_,19
827,B00413662I,4.75,2013_7_,18
828,B00413662I,4.75,2013_6_,17
829,B00413662I,4.75,2013_5_,16
830,B00413662I,4.75,2013_4_,15
831,B00413662I,4.75,2013_3_,14
832,B00413662I,4.75,2013_2_,13
833,B00413662I,4.75,2013_1_,12
834,B00413662I,4.75,2012_12_,11
835,B00413662I,4.75,2012_11_,10
836,B00413662I,4.75,2012_10_,9
837,B00413662I,4.75,2012_9_,8
838,B00413662I,4.75,2012_8_,7
839,B00413662I,4.75,2012_7_,6
840,B00413662I,4.75,2012_6_,5
841,B00413662I,4.666666667,2012_5_,4
842,B00413662I,4.5,2012_4_,3
843,B00413662I,4.0,2012_3_,2
844,B00413662I,4.0,2012_2_,1
845,B00009V3WT,4.0,2015_7_,42
846,B00009V3WT,4.0,2015_6_,41
847,B00009V3WT,4.75,2015_5_,40
848,B00009V3WT,4.75,2015_4_,39
849,B00009V3WT,4.75,2015_3_,38
850,B00009V3WT,4.75,2015_2_,37
851,B00009V3WT,4.75,2015_1_,36
852,B00009V3WT,4.75,2014_12_,35
853,B00009V3WT,4.666666667,2014_11_,34
854,B00009V3WT,4.666666667,2014_10_,33
855,B00009V3WT,4.666666667,2014_9_,32
856,B00009V3WT,4.666666667,2014_8_,31
857,B00009V3WT,4.666666667,2014_7_,30
858,B00009V3WT,4.666666667,2014_6_,29
859,B00009V3WT,4.666666667,2014_5_,28
860,B00009V3WT,4.666666667,2014_4_,27
861,B00009V3WT,4.666666667,2014_3_,26
862,B00009V3WT,4.666666667,2014_2_,25
863,B00009V3WT,4.666666667,2014_1_,24
864,B00009V3WT,4.666666667,2013_12_,23
865,B00009V3WT,4.5,2013_11_,22
866,B00009V3WT,4.5,2013_10_,21
867,B00009V3WT,4.5,2013_9_,20
868,B00009V3WT,4.5,2013_8_,19
869,B00009V3WT,4.5,2013_7_,18
870,B00009V3WT,4.5,2013_6_,17
871,B00009V3WT,4.5,2013_5_,16
872,B00009V3WT,4.5,2013_4_,15
873,B00009V3WT,4.5,2013_3_,14
874,B00009V3WT,4.5,2013_2_,13
875,B00009V3WT,4.5,2013_1_,12
876,B00009V3WT,4.5,2012_12_,11
877,B00009V3WT,5.0,2012_11_,10
878,B00009V3WT,5.0,2012_10_,9
879,B00009V3WT,5.0,2012_9_,8
880,B00009V3WT,5.0,2012_8_,7
881,B00009V3WT,5.0,2012_7_,6
882,B00009V3WT,5.0,2012_6_,5
883,B0073YCGPI,4.058823529,2015_7_,42
884,B0073YCGPI,4.058823529,2015_6_,41
885,B0073YCGPI,4.0,2015_5_,40
886,B0073YCGPI,4.0,2015_4_,39
887,B0073YCGPI,4.0,2015_3_,38
888,B0073YCGPI,3.933333333,2015_2_,37
889,B0073YCGPI,3.923076923,2015_1_,36
890,B0073YCGPI,3.923076923,2014_12_,35
891,B0073YCGPI,3.833333333,2014_11_,34
892,B0073YCGPI,3.6,2014_10_,33
893,B0073YCGPI,3.888888889,2014_9_,32
894,B0073YCGPI,3.571428571,2014_8_,31
895,B0073YCGPI,3.571428571,2014_7_,30
896,B0073YCGPI,3.5,2014_6_,29
897,B0073YCGPI,3.5,2014_5_,28
898,B0073YCGPI,3.4,2014_4_,27
899,B0073YCGPI,3.4,2014_3_,26
900,B0073YCGPI,4.0,2014_2_,25
901,B0073YCGPI,4.0,2014_1_,24
902,B0073YCGPI,3.666666667,2013_12_,23
903,B0073YCGPI,3.666666667,2013_11_,22
904,B0073YCGPI,4.0,2013_10_,21
905,B0073YCGPI,4.0,2013_9_,20
906,B0073YCGPI,4.0,2013_8_,19
907,B0073YCGPI,4.0,2013_7_,18
908,B0073YCGPI,4.0,2013_6_,17
909,B0073YCGPI,4.0,2013_5_,16
910,B0073YCGPI,4.0,2013_4_,15
911,B0073YCGPI,4.0,2013_3_,14
912,B0073YCGPI,3.0,2013_2_,13
913,B003K5FPRU,1.571428571,2015_7_,42
914,B003K5FPRU,1.571428571,2015_6_,41
915,B003K5FPRU,1.666666667,2015_5_,40
916,B003K5FPRU,1.666666667,2015_4_,39
917,B003K5FPRU,1.705882353,2015_3_,38
918,B003K5FPRU,1.75,2015_2_,37
919,B003K5FPRU,1.8,2015_1_,36
920,B003K5FPRU,1.8,2014_12_,35
921,B003K5FPRU,1.8,2014_11_,34
922,B003K5FPRU,1.857142857,2014_10_,33
923,B003K5FPRU,1.857142857,2014_9_,32
924,B003K5FPRU,1.857142857,2014_8_,31
925,B003K5FPRU,1.857142857,2014_7_,30
926,B003K5FPRU,1.857142857,2014_6_,29
927,B003K5FPRU,1.857142857,2014_5_,28
928,B003K5FPRU,1.857142857,2014_4_,27
929,B003K5FPRU,1.857142857,2014_3_,26
930,B003K5FPRU,1.857142857,2014_2_,25
931,B003K5FPRU,1.636363636,2014_1_,24
932,B003K5FPRU,1.5555555559999998,2013_12_,23
933,B003K5FPRU,1.625,2013_11_,22
934,B003K5FPRU,1.666666667,2013_10_,21
935,B003K5FPRU,2.0,2013_9_,20
936,B003K5FPRU,2.0,2013_8_,19
937,B003K5FPRU,2.0,2013_7_,18
938,B003K5FPRU,2.0,2013_6_,17
939,B003K5FPRU,2.0,2013_5_,16
940,B003K5FPRU,2.0,2013_4_,15
941,B003K5FPRU,1.333333333,2013_3_,14
942,B003K5FPRU,1.0,2013_2_,13
943,B00009V3X6,4.181818182,2015_7_,42
944,B00009V3X6,4.181818182,2015_6_,41
945,B00009V3X6,4.181818182,2015_5_,40
946,B00009V3X6,4.2,2015_4_,39
947,B00009V3X6,4.2,2015_3_,38
948,B00009V3X6,4.1111111110000005,2015_2_,37
949,B00009V3X6,4.1111111110000005,2015_1_,36
950,B00009V3X6,4.125,2014_12_,35
951,B00009V3X6,4.1428571430000005,2014_11_,34
952,B00009V3X6,4.0,2014_10_,33
953,B00009V3X6,4.0,2014_9_,32
954,B00009V3X6,4.0,2014_8_,31
955,B00009V3X6,4.0,2014_7_,30
956,B00009V3X6,4.0,2014_6_,29
957,B00009V3X6,4.0,2014_5_,28
958,B00009V3X6,4.0,2014_4_,27
959,B00009V3X6,4.0,2014_3_,26
960,B00009V3X6,4.0,2014_2_,25
961,B00009V3X6,4.0,2014_1_,24
962,B00009V3X6,4.0,2013_12_,23
963,B00009V3X6,4.0,2013_11_,22
964,B00009V3X6,4.0,2013_10_,21
965,B00009V3X6,4.2,2013_9_,20
966,B00009V3X6,4.2,2013_8_,19
967,B00009V3X6,4.25,2013_7_,18
968,B00009V3X6,4.0,2013_6_,17
969,B00009V3X6,4.0,2013_5_,16
970,B00009V3X6,4.0,2013_4_,15
971,B00009V3X6,4.0,2013_3_,14
972,B00009V3X6,4.5,2013_2_,13
973,B00009V3X6,4.5,2013_1_,12
974,B00009V3X6,4.5,2012_12_,11
975,B00009V3X6,4.5,2012_11_,10
976,B00009V3X6,4.5,2012_10_,9
977,B00009V3X6,4.5,2012_9_,8
978,B00009V3X6,4.5,2012_8_,7
979,B00009V3X6,4.0,2012_7_,6
980,B00009V3X6,4.0,2012_6_,5
981,B005OW6RFG,1.866666667,2015_7_,42
982,B005OW6RFG,1.866666667,2015_6_,41
983,B005OW6RFG,1.866666667,2015_5_,40
984,B005OW6RFG,1.928571429,2015_4_,39
985,B005OW6RFG,1.928571429,2015_3_,38
986,B005OW6RFG,1.928571429,2015_2_,37
987,B005OW6RFG,1.928571429,2015_1_,36
988,B005OW6RFG,1.928571429,2014_12_,35
989,B005OW6RFG,1.928571429,2014_11_,34
990,B005OW6RFG,2.0,2014_10_,33
991,B005OW6RFG,2.0,2014_9_,32
992,B005OW6RFG,2.0,2014_8_,31
993,B005OW6RFG,2.0,2014_7_,30
994,B005OW6RFG,1.75,2014_6_,29
995,B005OW6RFG,1.818181818,2014_5_,28
996,B005OW6RFG,1.818181818,2014_4_,27
997,B005OW6RFG,1.818181818,2014_3_,26
998,B005OW6RFG,1.7,2014_2_,25
999,B005OW6RFG,1.7,2014_1_,24
1000,B005OW6RFG,1.875,2013_12_,23
1001,B005OW6RFG,1.875,2013_11_,22
1002,B005OW6RFG,1.875,2013_10_,21
1003,B005OW6RFG,1.571428571,2013_9_,20
1004,B005OW6RFG,1.571428571,2013_8_,19
1005,B005OW6RFG,1.666666667,2013_7_,18
1006,B005OW6RFG,1.8,2013_6_,17
1007,B005OW6RFG,1.8,2013_5_,16
1008,B005OW6RFG,1.8,2013_4_,15
1009,B005OW6RFG,1.0,2013_3_,14
1010,B005OW6RFG,1.0,2013_2_,13
1011,B005OW6RFG,1.0,2013_1_,12
1012,B005OW6RFG,1.0,2012_12_,11
1013,B005OW6RFG,1.0,2012_11_,10
1014,B005OW6RFG,1.0,2012_10_,9
1015,B005OW6RFG,1.0,2012_9_,8
1016,B005OW6RFG,1.0,2012_8_,7
1017,B005OW6RFG,1.0,2012_7_,6
1018,B005OW6RFG,1.0,2012_6_,5
1019,B005OW6RFG,1.0,2012_5_,4
1020,B005OW6RFG,1.0,2012_4_,3
1021,B00EU7AMX4,3.615384615,2015_7_,42
1022,B00EU7AMX4,3.615384615,2015_6_,41
1023,B00EU7AMX4,3.615384615,2015_5_,40
1024,B00EU7AMX4,3.454545455,2015_4_,39
1025,B00EU7AMX4,3.454545455,2015_3_,38
1026,B00EU7AMX4,3.3,2015_2_,37
1027,B00EU7AMX4,3.5555555560000003,2015_1_,36
1028,B00EU7AMX4,3.5555555560000003,2014_12_,35
1029,B00EU7AMX4,3.5555555560000003,2014_11_,34
1030,B00EU7AMX4,3.5555555560000003,2014_10_,33
1031,B00EU7AMX4,3.571428571,2014_9_,32
1032,B00EU7AMX4,4.2,2014_8_,31
1033,B00EU7AMX4,4.2,2014_7_,30
1034,B00EU7AMX4,4.0,2014_6_,29
1035,B00EU7AMX4,4.5,2014_5_,28
1036,B00EU7AMX4,4.5,2014_4_,27
1037,B00EU7AMX4,4.5,2014_3_,26
1038,B00EU7AMX4,4.5,2014_2_,25
1039,B00EU7AMX4,4.5,2014_1_,24
1040,B00EU7AMX4,4.0,2013_12_,23
1041,B002Z8041A,1.058823529,2015_7_,42
1042,B002Z8041A,1.058823529,2015_6_,41
1043,B002Z8041A,1.058823529,2015_5_,40
1044,B002Z8041A,1.058823529,2015_4_,39
1045,B002Z8041A,1.0,2015_3_,38
1046,B002Z8041A,1.0,2015_2_,37
1047,B002Z8041A,1.0,2015_1_,36
1048,B002Z8041A,1.0,2014_12_,35
1049,B002Z8041A,1.0,2014_11_,34
1050,B002Z8041A,1.0,2014_10_,33
1051,B002Z8041A,1.0,2014_9_,32
1052,B002Z8041A,1.0,2014_8_,31
1053,B002Z8041A,1.0,2014_7_,30
1054,B002Z8041A,1.0,2014_6_,29
1055,B002Z8041A,1.0,2014_5_,28
1056,B002Z8041A,1.0,2014_4_,27
1057,B002Z8041A,1.0,2014_3_,26
1058,B002Z8041A,1.0,2014_2_,25
1059,B002Z8041A,1.0,2014_1_,24
1060,B002Z8041A,1.0,2013_12_,23
1061,B002Z8041A,1.0,2013_11_,22
1062,B002Z8041A,1.0,2013_10_,21
1063,B002Z8041A,1.0,2013_9_,20
1064,B002Z8041A,1.0,2013_8_,19
1065,B002Z8041A,1.0,2013_7_,18
1066,B002Z8041A,1.0,2013_6_,17
1067,B002Z8041A,1.0,2013_5_,16
1068,B002Z8041A,1.0,2013_4_,15
1069,B002Z8041A,1.0,2013_3_,14
1070,B002Z8041A,1.0,2013_2_,13
1071,B002Z8041A,1.0,2013_1_,12
1072,B002Z8041A,1.0,2012_12_,11
1073,B002Z8041A,1.0,2012_11_,10
1074,B002Z8041A,1.0,2012_10_,9
1075,B002Z8041A,1.0,2012_9_,8
1076,B002Z8041A,1.0,2012_8_,7
1077,B002Z8041A,1.0,2012_7_,6
1078,B002Z8041A,1.0,2012_6_,5
1079,B002Z8041A,1.0,2012_5_,4
1080,B002Z8041A,1.0,2012_4_,3
1081,B002Z8041A,1.0,2012_3_,2
1082,B002Z8041A,1.0,2012_2_,1
1083,B002Z8041A,1.0,2012_1_,0
1084,B005JA0AII,2.272727273,2015_7_,42
1085,B005JA0AII,2.272727273,2015_6_,41
1086,B005JA0AII,2.272727273,2015_5_,40
1087,B005JA0AII,2.272727273,2015_4_,39
1088,B005JA0AII,2.4,2015_3_,38
1089,B005JA0AII,2.4,2015_2_,37
1090,B005JA0AII,2.4,2015_1_,36
1091,B005JA0AII,2.4,2014_12_,35
1092,B005JA0AII,2.4,2014_11_,34
1093,B005JA0AII,2.222222222,2014_10_,33
1094,B005JA0AII,1.875,2014_9_,32
1095,B005JA0AII,2.0,2014_8_,31
1096,B005JA0AII,2.0,2014_7_,30
1097,B005JA0AII,2.0,2014_6_,29
1098,B005JA0AII,2.0,2014_5_,28
1099,B005JA0AII,2.0,2014_4_,27
1100,B005JA0AII,2.0,2014_3_,26
1101,B005JA0AII,2.0,2014_2_,25
1102,B005JA0AII,2.0,2014_1_,24
1103,B005JA0AII,2.0,2013_12_,23
1104,B005JA0AII,2.0,2013_11_,22
1105,B005JA0AII,2.0,2013_10_,21
1106,B005JA0AII,2.0,2013_9_,20
1107,B005JA0AII,2.0,2013_8_,19
1108,B005JA0AII,2.0,2013_7_,18
1109,B005JA0AII,3.0,2013_6_,17
1110,B005JA0AII,3.0,2013_5_,16
1111,B005JA0AII,3.0,2013_4_,15
1112,B005JA0AII,3.0,2013_3_,14
1113,B005JA0AII,3.0,2013_2_,13
1114,B005JA0AII,3.0,2013_1_,12
1115,B005JA0AII,3.0,2012_12_,11
1116,B005JA0AII,3.0,2012_11_,10
1117,B005JA0AII,3.0,2012_10_,9
1118,B008MD2RUS,2.666666667,2015_7_,42
1119,B008MD2RUS,2.666666667,2015_6_,41
1120,B008MD2RUS,2.666666667,2015_5_,40
1121,B008MD2RUS,2.666666667,2015_4_,39
1122,B008MD2RUS,3.5,2015_3_,38
1123,B008MD2RUS,3.0,2015_2_,37
1124,B008MD2RUS,3.0,2015_1_,36
1125,B004YKDYVE,3.818181818,2015_7_,42
1126,B004YKDYVE,3.818181818,2015_6_,41
1127,B004YKDYVE,3.818181818,2015_5_,40
1128,B004YKDYVE,3.818181818,2015_4_,39
1129,B004YKDYVE,4.1,2015_3_,38
1130,B004YKDYVE,4.1,2015_2_,37
1131,B004YKDYVE,4.1,2015_1_,36
1132,B004YKDYVE,4.1,2014_12_,35
1133,B004YKDYVE,4.1,2014_11_,34
1134,B004YKDYVE,4.1,2014_10_,33
1135,B004YKDYVE,4.1,2014_9_,32
1136,B004YKDYVE,4.1,2014_8_,31
1137,B004YKDYVE,4.1,2014_7_,30
1138,B004YKDYVE,4.1,2014_6_,29
1139,B004YKDYVE,4.1,2014_5_,28
1140,B004YKDYVE,4.1,2014_4_,27
1141,B004YKDYVE,4.444444444,2014_3_,26
1142,B004YKDYVE,4.444444444,2014_2_,25
1143,B004YKDYVE,4.444444444,2014_1_,24
1144,B004YKDYVE,4.444444444,2013_12_,23
1145,B004YKDYVE,4.571428571,2013_11_,22
1146,B004YKDYVE,4.571428571,2013_10_,21
1147,B004YKDYVE,4.571428571,2013_9_,20
1148,B004YKDYVE,4.571428571,2013_8_,19
1149,B004YKDYVE,4.571428571,2013_7_,18
1150,B004YKDYVE,4.571428571,2013_6_,17
1151,B004YKDYVE,4.571428571,2013_5_,16
1152,B004YKDYVE,4.571428571,2013_4_,15
1153,B004YKDYVE,4.571428571,2013_3_,14
1154,B004YKDYVE,4.571428571,2013_2_,13
1155,B004YKDYVE,4.666666667,2013_1_,12
1156,B004YKDYVE,4.666666667,2012_12_,11
1157,B004YKDYVE,4.666666667,2012_11_,10
1158,B004YKDYVE,4.666666667,2012_10_,9
1159,B004YKDYVE,4.666666667,2012_9_,8
1160,B004YKDYVE,4.6,2012_8_,7
1161,B004YKDYVE,4.6,2012_7_,6
1162,B004YKDYVE,4.6,2012_6_,5
1163,B004YKDYVE,4.75,2012_5_,4
1164,B004YKDYVE,4.666666667,2012_4_,3
1165,B004YKDYVE,4.5,2012_3_,2
1166,B004YKDYVE,4.5,2012_2_,1
1167,B004YKDYVE,4.5,2012_1_,0
1168,B000UW1WW8,2.133333333,2015_7_,42
1169,B000UW1WW8,2.133333333,2015_6_,41
1170,B000UW1WW8,2.133333333,2015_5_,40
1171,B000UW1WW8,2.133333333,2015_4_,39
1172,B000UW1WW8,2.133333333,2015_3_,38
1173,B000UW1WW8,2.076923077,2015_2_,37
1174,B000UW1WW8,2.076923077,2015_1_,36
1175,B000UW1WW8,2.076923077,2014_12_,35
1176,B000UW1WW8,2.166666667,2014_11_,34
1177,B000UW1WW8,2.166666667,2014_10_,33
1178,B000UW1WW8,2.166666667,2014_9_,32
1179,B000UW1WW8,2.166666667,2014_8_,31
1180,B000UW1WW8,2.0,2014_7_,30
1181,B000UW1WW8,2.0,2014_6_,29
1182,B000UW1WW8,2.0,2014_5_,28
1183,B000UW1WW8,1.9,2014_4_,27
1184,B000UW1WW8,1.9,2014_3_,26
1185,B000UW1WW8,1.9,2014_2_,25
1186,B000UW1WW8,2.0,2014_1_,24
1187,B000UW1WW8,2.0,2013_12_,23
1188,B000UW1WW8,2.0,2013_11_,22
1189,B000UW1WW8,2.0,2013_10_,21
1190,B000UW1WW8,2.166666667,2013_9_,20
1191,B000UW1WW8,2.166666667,2013_8_,19
1192,B000UW1WW8,2.166666667,2013_7_,18
1193,B000UW1WW8,2.166666667,2013_6_,17
1194,B000UW1WW8,2.4,2013_5_,16
1195,B000UW1WW8,2.4,2013_4_,15
1196,B000UW1WW8,2.4,2013_3_,14
1197,B000UW1WW8,2.4,2013_2_,13
1198,B000UW1WW8,2.75,2013_1_,12
1199,B000UW1WW8,2.75,2012_12_,11
1200,B000UW1WW8,2.75,2012_11_,10
1201,B000UW1WW8,2.0,2012_10_,9
1202,B000UW1WW8,2.0,2012_9_,8
1203,B000UW1WW8,2.0,2012_8_,7
1204,B000UW1WW8,2.0,2012_7_,6
1205,B000UW1WW8,2.0,2012_6_,5
1206,B000UW1WW8,2.0,2012_5_,4
1207,B000UW1WW8,2.0,2012_4_,3
1208,B000UW1WW8,1.0,2012_3_,2
1209,B0058CLNC4,2.714285714,2015_7_,42
1210,B0058CLNC4,2.714285714,2015_6_,41
1211,B0058CLNC4,2.714285714,2015_5_,40
1212,B0058CLNC4,2.714285714,2015_4_,39
1213,B0058CLNC4,2.714285714,2015_3_,38
1214,B0058CLNC4,2.538461538,2015_2_,37
1215,B0058CLNC4,2.583333333,2015_1_,36
1216,B0058CLNC4,2.583333333,2014_12_,35
1217,B0058CLNC4,2.727272727,2014_11_,34
1218,B0058CLNC4,2.727272727,2014_10_,33
1219,B0058CLNC4,2.727272727,2014_9_,32
1220,B0058CLNC4,2.727272727,2014_8_,31
1221,B0058CLNC4,2.666666667,2014_7_,30
1222,B0058CLNC4,2.375,2014_6_,29
1223,B0058CLNC4,2.571428571,2014_5_,28
1224,B0058CLNC4,2.571428571,2014_4_,27
1225,B0058CLNC4,2.571428571,2014_3_,26
1226,B0058CLNC4,2.571428571,2014_2_,25
1227,B0058CLNC4,2.571428571,2014_1_,24
1228,B0058CLNC4,2.6,2013_12_,23
1229,B0058CLNC4,3.333333333,2013_11_,22
1230,B0058CLNC4,4.0,2013_10_,21
1231,B0058CLNC4,4.0,2013_9_,20
1232,B0058CLNC4,4.0,2013_8_,19
1233,B0058CLNC4,4.0,2013_7_,18
1234,B0058CLNC4,5.0,2013_6_,17
1235,B0058CLNC4,5.0,2013_5_,16
1236,B0058CLNC4,5.0,2013_4_,15
1237,B0058CLNC4,5.0,2013_3_,14
1238,B0058CLNC4,5.0,2013_2_,13
1239,B0058CLNC4,5.0,2013_1_,12
1240,B0058CLNC4,5.0,2012_12_,11
1241,B0058CLNC4,5.0,2012_11_,10
1242,B0058CLNC4,5.0,2012_10_,9
1243,B00009V3X7,2.5,2015_7_,42
1244,B00009V3X7,2.5,2015_6_,41
1245,B00009V3X7,2.5,2015_5_,40
1246,B00009V3X7,2.5,2015_4_,39
1247,B00009V3X7,2.5,2015_3_,38
1248,B00009V3X7,2.5,2015_2_,37
1249,B00009V3X7,3.0,2015_1_,36
1250,B00009V3X7,3.0,2014_12_,35
1251,B00009V3X7,3.0,2014_11_,34
1252,B00009V3X7,3.0,2014_10_,33
1253,B00009V3X7,3.0,2014_9_,32
1254,B00009V3X7,3.0,2014_8_,31
1255,B00009V3X7,3.0,2014_7_,30
1256,B00009V3X7,3.0,2014_6_,29
1257,B00009V3X7,3.0,2014_5_,28
1258,B00009V3X7,3.0,2014_4_,27
1259,B00009V3X7,3.0,2014_3_,26
1260,B00009V3X7,3.0,2014_2_,25
1261,B00009V3X7,3.0,2014_1_,24
1262,B00009V3X7,3.0,2013_12_,23
1263,B00009V3X7,3.0,2013_11_,22
1264,B00009V3X7,3.0,2013_10_,21
1265,B00009V3X7,3.0,2013_9_,20
1266,B002KPM7L8,1.692307692,2015_7_,42
1267,B002KPM7L8,1.692307692,2015_6_,41
1268,B002KPM7L8,1.692307692,2015_5_,40
1269,B002KPM7L8,1.692307692,2015_4_,39
1270,B002KPM7L8,1.692307692,2015_3_,38
1271,B002KPM7L8,1.692307692,2015_2_,37
1272,B002KPM7L8,1.75,2015_1_,36
1273,B002KPM7L8,1.75,2014_12_,35
1274,B002KPM7L8,1.75,2014_11_,34
1275,B002KPM7L8,1.75,2014_10_,33
1276,B002KPM7L8,1.75,2014_9_,32
1277,B002KPM7L8,1.9,2014_8_,31
1278,B002KPM7L8,1.9,2014_7_,30
1279,B002KPM7L8,1.9,2014_6_,29
1280,B002KPM7L8,2.0,2014_5_,28
1281,B002KPM7L8,2.0,2014_4_,27
1282,B002KPM7L8,2.0,2014_3_,26
1283,B002KPM7L8,2.125,2014_2_,25
1284,B002KPM7L8,2.0,2014_1_,24
1285,B002KPM7L8,1.8,2013_12_,23
1286,B002KPM7L8,1.8,2013_11_,22
1287,B002KPM7L8,2.0,2013_10_,21
1288,B002KPM7L8,2.0,2013_9_,20
1289,B002KPM7L8,2.0,2013_8_,19
1290,B002KPM7L8,1.333333333,2013_7_,18
1291,B002KPM7L8,1.333333333,2013_6_,17
1292,B002KPM7L8,1.333333333,2013_5_,16
1293,B002KPM7L8,1.333333333,2013_4_,15
1294,B002KPM7L8,1.333333333,2013_3_,14
1295,B002KPM7L8,1.333333333,2013_2_,13
1296,B002KPM7L8,1.333333333,2013_1_,12
1297,B002KPM7L8,1.0,2012_12_,11
1298,B002KPM7L8,1.0,2012_11_,10
1299,B002KPM7L8,1.0,2012_10_,9
1300,B002KPM7L8,1.0,2012_9_,8
1301,B002KPM7L8,1.0,2012_8_,7
1302,B002KPM7L8,1.0,2012_7_,6
1303,B002KPM7L8,1.0,2012_6_,5
1304,B0019C87BW,1.333333333,2015_7_,42
1305,B0019C87BW,1.333333333,2015_6_,41
1306,B0019C87BW,1.333333333,2015_5_,40
1307,B0019C87BW,1.333333333,2015_4_,39
1308,B0019C87BW,1.333333333,2015_3_,38
1309,B0019C87BW,1.333333333,2015_2_,37
1310,B0019C87BW,1.0,2015_1_,36
1311,B0019C87BW,1.0,2014_12_,35
1312,B0019C87BW,1.0,2014_11_,34
1313,B0019C87BW,1.0,2014_10_,33
1314,B0019C87BW,1.0,2014_9_,32
1315,B0019C87BW,1.0,2014_8_,31
1316,B0019C87BW,1.0,2014_7_,30
1317,B0019C87BW,1.0,2014_6_,29
1318,B0019C87BW,1.0,2014_5_,28
1319,B0019C87BW,1.0,2014_4_,27
1320,B0019C87BW,1.0,2014_3_,26
1321,B0019C87BW,1.0,2014_2_,25
1322,B0019C87BW,1.0,2014_1_,24
1323,B0019C87BW,1.0,2013_12_,23
1324,B0019C87BW,1.0,2013_11_,22
1325,B0019C87BW,1.0,2013_10_,21
1326,B0019C87BW,1.0,2013_9_,20
1327,B0019C87BW,1.0,2013_8_,19
1328,B0019C87BW,1.0,2013_7_,18
1329,B0019C87BW,1.0,2013_6_,17
1330,B0019C87BW,1.0,2013_5_,16
1331,B0019C87BW,1.0,2013_4_,15
1332,B0019CADPK,2.666666667,2015_7_,42
1333,B0019CADPK,2.666666667,2015_6_,41
1334,B0019CADPK,2.666666667,2015_5_,40
1335,B0019CADPK,2.666666667,2015_4_,39
1336,B0019CADPK,2.666666667,2015_3_,38
1337,B0019CADPK,2.666666667,2015_2_,37
1338,B0019CADPK,1.5,2015_1_,36
1339,B0019CADPK,1.5,2014_12_,35
1340,B0019CADPK,1.5,2014_11_,34
1341,B0019CADPK,1.5,2014_10_,33
1342,B0019CADPK,1.5,2014_9_,32
1343,B0019CADPK,1.5,2014_8_,31
1344,B0019CADPK,1.5,2014_7_,30
1345,B0019CADPK,1.5,2014_6_,29
1346,B0019CADPK,1.5,2014_5_,28
1347,B0019CADPK,1.5,2014_4_,27
1348,B0019CADPK,1.5,2014_3_,26
1349,B0019CADPK,1.5,2014_2_,25
1350,B0019CADPK,1.5,2014_1_,24
1351,B0019CADPK,1.5,2013_12_,23
1352,B0019CADPK,2.0,2013_11_,22
1353,B0019CADPK,2.0,2013_10_,21
1354,B0019CADPK,2.0,2013_9_,20
1355,B0019CADPK,2.0,2013_8_,19
1356,B0019CADPK,2.0,2013_7_,18
1357,B0019CADPK,2.0,2013_6_,17
1358,B0019CADPK,2.0,2013_5_,16
1359,B0019CADPK,2.0,2013_4_,15
1360,B0019CADPK,2.0,2013_3_,14
1361,B0019CADPK,2.0,2013_2_,13
1362,B0019CADPK,2.0,2013_1_,12
1363,B0019CADPK,2.0,2012_12_,11
1364,B0019CADPK,2.0,2012_11_,10
1365,B0019CADPK,2.0,2012_10_,9
1366,B0019CADPK,2.0,2012_9_,8
1367,B0019CADPK,2.0,2012_8_,7
1368,B0073YCGK8,3.238095238,2015_7_,42
1369,B0073YCGK8,3.238095238,2015_6_,41
1370,B0073YCGK8,3.238095238,2015_5_,40
1371,B0073YCGK8,3.238095238,2015_4_,39
1372,B0073YCGK8,3.238095238,2015_3_,38
1373,B0073YCGK8,3.238095238,2015_2_,37
1374,B0073YCGK8,3.2,2015_1_,36
1375,B0073YCGK8,3.157894737,2014_12_,35
1376,B0073YCGK8,3.157894737,2014_11_,34
1377,B0073YCGK8,3.277777778,2014_10_,33
1378,B0073YCGK8,3.277777778,2014_9_,32
1379,B0073YCGK8,3.25,2014_8_,31
1380,B0073YCGK8,3.4,2014_7_,30
1381,B0073YCGK8,3.285714286,2014_6_,29
1382,B0073YCGK8,3.461538462,2014_5_,28
1383,B0073YCGK8,3.461538462,2014_4_,27
1384,B0073YCGK8,3.461538462,2014_3_,26
1385,B0073YCGK8,3.5,2014_2_,25
1386,B0073YCGK8,3.5,2014_1_,24
1387,B0073YCGK8,3.727272727,2013_12_,23
1388,B0073YCGK8,3.727272727,2013_11_,22
1389,B0073YCGK8,3.7,2013_10_,21
1390,B0073YCGK8,4.0,2013_9_,20
1391,B0073YCGK8,4.0,2013_8_,19
1392,B0073YCGK8,4.0,2013_7_,18
1393,B0073YCGK8,4.0,2013_6_,17
1394,B0073YCGK8,4.0,2013_5_,16
1395,B0073YCGK8,4.0,2013_4_,15
1396,B0073YCGK8,4.5,2013_3_,14
1397,B0073YCGK8,4.333333333,2013_2_,13
1398,B0073YCGK8,4.0,2013_1_,12
1399,B0073YCGK8,4.0,2012_12_,11
1400,B0073YCGK8,4.0,2012_11_,10
1401,B000W3JHHM,2.564102564,2015_7_,42
1402,B000W3JHHM,2.564102564,2015_6_,41
1403,B000W3JHHM,2.564102564,2015_5_,40
1404,B000W3JHHM,2.564102564,2015_4_,39
1405,B000W3JHHM,2.564102564,2015_3_,38
1406,B000W3JHHM,2.564102564,2015_2_,37
1407,B000W3JHHM,2.564102564,2015_1_,36
1408,B000W3JHHM,2.5,2014_12_,35
1409,B000W3JHHM,2.5,2014_11_,34
1410,B000W3JHHM,2.5,2014_10_,33
1411,B000W3JHHM,2.5,2014_9_,32
1412,B000W3JHHM,2.5,2014_8_,31
1413,B000W3JHHM,2.5,2014_7_,30
1414,B000W3JHHM,2.5,2014_6_,29
1415,B000W3JHHM,2.5,2014_5_,28
1416,B000W3JHHM,2.5,2014_4_,27
1417,B000W3JHHM,2.459459459,2014_3_,26
1418,B000W3JHHM,2.459459459,2014_2_,25
1419,B000W3JHHM,2.459459459,2014_1_,24
1420,B000W3JHHM,2.388888889,2013_12_,23
1421,B000W3JHHM,2.264705882,2013_11_,22
1422,B000W3JHHM,2.21875,2013_10_,21
1423,B000W3JHHM,2.258064516,2013_9_,20
1424,B000W3JHHM,2.3103448280000003,2013_8_,19
1425,B000W3JHHM,2.37037037,2013_7_,18
1426,B000W3JHHM,2.416666667,2013_6_,17
1427,B000W3JHHM,2.363636364,2013_5_,16
1428,B000W3JHHM,2.25,2013_4_,15
1429,B000W3JHHM,2.105263158,2013_3_,14
1430,B000W3JHHM,2.105263158,2013_2_,13
1431,B000W3JHHM,2.235294118,2013_1_,12
1432,B000W3JHHM,2.214285714,2012_12_,11
1433,B000W3JHHM,2.181818182,2012_11_,10
1434,B000W3JHHM,2.181818182,2012_10_,9
1435,B000W3JHHM,2.2,2012_9_,8
1436,B000W3JHHM,2.0,2012_8_,7
1437,B000W3JHHM,2.6,2012_7_,6
1438,B000W3JHHM,2.6,2012_6_,5
1439,B000W3JHHM,2.6,2012_5_,4
1440,B000W3JHHM,2.75,2012_4_,3
1441,B000W3JHHM,3.333333333,2012_3_,2
1442,B000W3JHHM,3.5,2012_2_,1
1443,B000W3JHHM,5.0,2012_1_,0
1444,B002X7669C,1.8,2015_7_,42
1445,B002X7669C,1.8,2015_6_,41
1446,B002X7669C,1.8,2015_5_,40
1447,B002X7669C,1.8,2015_4_,39
1448,B002X7669C,1.8,2015_3_,38
1449,B002X7669C,1.8,2015_2_,37
1450,B002X7669C,1.8,2015_1_,36
1451,B002X7669C,1.888888889,2014_12_,35
1452,B002X7669C,1.888888889,2014_11_,34
1453,B002X7669C,1.888888889,2014_10_,33
1454,B002X7669C,1.5,2014_9_,32
1455,B002X7669C,1.5,2014_8_,31
1456,B002X7669C,1.571428571,2014_7_,30
1457,B002X7669C,1.571428571,2014_6_,29
1458,B002X7669C,1.666666667,2014_5_,28
1459,B002X7669C,1.666666667,2014_4_,27
1460,B002X7669C,1.666666667,2014_3_,26
1461,B002X7669C,1.666666667,2014_2_,25
1462,B002X7669C,1.666666667,2014_1_,24
1463,B002X7669C,1.666666667,2013_12_,23
1464,B002X7669C,1.666666667,2013_11_,22
1465,B002X7669C,1.666666667,2013_10_,21
1466,B002X7669C,1.666666667,2013_9_,20
1467,B002X7669C,1.666666667,2013_8_,19
1468,B002X7669C,1.8,2013_7_,18
1469,B002X7669C,1.8,2013_6_,17
1470,B002X7669C,1.8,2013_5_,16
1471,B002X7669C,2.0,2013_4_,15
1472,B002X7669C,1.666666667,2013_3_,14
1473,B002X7669C,1.666666667,2013_2_,13
1474,B002X7669C,1.666666667,2013_1_,12
1475,B002X7669C,1.666666667,2012_12_,11
1476,B002X7669C,2.0,2012_11_,10
1477,B002X7669C,3.0,2012_10_,9
1478,B002X7669C,3.0,2012_9_,8
1479,B002X7669C,3.0,2012_8_,7
1480,B001C3789A,3.5,2015_7_,42
1481,B001C3789A,3.5,2015_6_,41
1482,B001C3789A,3.5,2015_5_,40
1483,B001C3789A,3.5,2015_4_,39
1484,B001C3789A,3.5,2015_3_,38
1485,B001C3789A,3.5,2015_2_,37
1486,B001C3789A,3.5,2015_1_,36
1487,B001C3789A,3.0,2014_12_,35
1488,B001C3789A,3.0,2014_11_,34
1489,B001C3789A,3.0,2014_10_,33
1490,B001C3789A,3.0,2014_9_,32
1491,B001C3789A,3.0,2014_8_,31
1492,B001C3789A,1.0,2014_7_,30
1493,B001C3789A,1.0,2014_6_,29
1494,B001C3789A,1.0,2014_5_,28
1495,B001C3789A,1.0,2014_4_,27
1496,B001C3789A,1.0,2014_3_,26
1497,B001C3789A,1.0,2014_2_,25
1498,B001C3789A,1.0,2014_1_,24
1499,B001C3789A,1.0,2013_12_,23
1500,B001C3789A,1.0,2013_11_,22
1501,B001C3789A,1.0,2013_10_,21
1502,B001C3789A,1.0,2013_9_,20
1503,B001C3789A,1.0,2013_8_,19
1504,B001C3789A,1.0,2013_7_,18
1505,B001C3789A,1.0,2013_6_,17
1506,B001C3789A,1.0,2013_5_,16
1507,B001C3789A,1.0,2013_4_,15
1508,B001C3789A,1.0,2013_3_,14
1509,B001C3789A,1.0,2013_2_,13
1510,B001C3789A,1.0,2013_1_,12
1511,B001C3789A,1.0,2012_12_,11
1512,B001C3789A,1.0,2012_11_,10
1513,B001C3789A,1.0,2012_10_,9
1514,B001C3789A,1.0,2012_9_,8
1515,B001C3789A,1.0,2012_8_,7
1516,B001C3789A,1.0,2012_7_,6
1517,B001C3789A,1.0,2012_6_,5
1518,B001C3789A,1.0,2012_5_,4
1519,B001C3789A,1.0,2012_4_,3
1520,B001C3789A,1.0,2012_3_,2
1521,B001C3789A,1.0,2012_2_,1
1522,B001C3789A,1.0,2012_1_,0
1523,B0049OXU1O,1.826086957,2015_7_,42
1524,B0049OXU1O,1.826086957,2015_6_,41
1525,B0049OXU1O,1.826086957,2015_5_,40
1526,B0049OXU1O,1.826086957,2015_4_,39
1527,B0049OXU1O,1.826086957,2015_3_,38
1528,B0049OXU1O,1.826086957,2015_2_,37
1529,B0049OXU1O,1.826086957,2015_1_,36
1530,B0049OXU1O,1.863636364,2014_12_,35
1531,B0049OXU1O,1.714285714,2014_11_,34
1532,B0049OXU1O,1.714285714,2014_10_,33
1533,B0049OXU1O,1.714285714,2014_9_,32
1534,B0049OXU1O,1.75,2014_8_,31
1535,B0049OXU1O,1.75,2014_7_,30
1536,B0049OXU1O,1.75,2014_6_,29
1537,B0049OXU1O,1.75,2014_5_,28
1538,B0049OXU1O,1.789473684,2014_4_,27
1539,B0049OXU1O,1.789473684,2014_3_,26
1540,B0049OXU1O,1.777777778,2014_2_,25
1541,B0049OXU1O,1.875,2014_1_,24
1542,B0049OXU1O,1.875,2013_12_,23
1543,B0049OXU1O,1.875,2013_11_,22
1544,B0049OXU1O,1.875,2013_10_,21
1545,B0049OXU1O,1.933333333,2013_9_,20
1546,B0049OXU1O,2.090909091,2013_8_,19
1547,B0049OXU1O,2.090909091,2013_7_,18
1548,B0049OXU1O,2.090909091,2013_6_,17
1549,B0049OXU1O,2.2,2013_5_,16
1550,B0049OXU1O,2.333333333,2013_4_,15
1551,B0049OXU1O,2.375,2013_3_,14
1552,B0049OXU1O,2.0,2013_2_,13
1553,B0049OXU1O,2.0,2013_1_,12
1554,B0049OXU1O,2.0,2012_12_,11
1555,B0049OXU1O,2.0,2012_11_,10
1556,B0049OXU1O,1.5,2012_10_,9
1557,B0049OXU1O,1.5,2012_9_,8
1558,B0049OXU1O,1.666666667,2012_8_,7
1559,B0049OXU1O,2.0,2012_7_,6
1560,B0049OXU1O,2.0,2012_6_,5
1561,B0049OXU1O,1.0,2012_5_,4
1562,B001DEI9LY,4.25,2015_7_,42
1563,B001DEI9LY,4.25,2015_6_,41
1564,B001DEI9LY,4.25,2015_5_,40
1565,B001DEI9LY,4.25,2015_4_,39
1566,B001DEI9LY,4.25,2015_3_,38
1567,B001DEI9LY,4.25,2015_2_,37
1568,B001DEI9LY,4.25,2015_1_,36
1569,B001DEI9LY,4.181818182,2014_12_,35
1570,B001DEI9LY,4.3,2014_11_,34
1571,B001DEI9LY,4.375,2014_10_,33
1572,B001DEI9LY,4.375,2014_9_,32
1573,B001DEI9LY,4.375,2014_8_,31
1574,B001DEI9LY,4.333333333,2014_7_,30
1575,B001DEI9LY,4.333333333,2014_6_,29
1576,B001DEI9LY,4.333333333,2014_5_,28
1577,B001DEI9LY,4.333333333,2014_4_,27
1578,B001DEI9LY,4.333333333,2014_3_,26
1579,B001DEI9LY,3.666666667,2014_2_,25
1580,B001DEI9LY,3.666666667,2014_1_,24
1581,B001DEI9LY,3.666666667,2013_12_,23
1582,B001DEI9LY,3.666666667,2013_11_,22
1583,B001DEI9LY,3.666666667,2013_10_,21
1584,B001DEI9LY,3.666666667,2013_9_,20
1585,B001DEI9LY,3.666666667,2013_8_,19
1586,B001DEI9LY,3.666666667,2013_7_,18
1587,B001DEI9LY,3.0,2013_6_,17
1588,B001DEI9LY,3.0,2013_5_,16
1589,B001DEI9LY,3.0,2013_4_,15
1590,B001DEI9LY,3.0,2013_3_,14
1591,B001DEI9LY,3.0,2013_2_,13
1592,B001DEI9LY,3.0,2013_1_,12
1593,B001DEI9LY,3.0,2012_12_,11
1594,B001DEI9LY,3.0,2012_11_,10
1595,b002e1geks,5.0,2015_7_,42
1596,b002e1geks,5.0,2015_6_,41
1597,b002e1geks,5.0,2015_5_,40
1598,b002e1geks,5.0,2015_4_,39
1599,b002e1geks,5.0,2015_3_,38
1600,b002e1geks,5.0,2015_2_,37
1601,b002e1geks,5.0,2015_1_,36
1602,b002e1geks,5.0,2014_12_,35
1603,b002e1geks,5.0,2014_11_,34
1604,b002e1geks,5.0,2014_10_,33
1605,b00eovf0jm,5.0,2015_7_,42
1606,b00eovf0jm,5.0,2015_6_,41
1607,b00eovf0jm,5.0,2015_5_,40
1608,b00eovf0jm,5.0,2015_4_,39
1609,b00eovf0jm,5.0,2015_3_,38
1610,b00eovf0jm,5.0,2015_2_,37
1611,b00eovf0jm,5.0,2015_1_,36
1612,b00eovf0jm,5.0,2014_12_,35
1613,b00eovf0jm,5.0,2014_11_,34
1614,b00eovf0jm,5.0,2014_10_,33
1615,B0011YFKMC,2.583333333,2015_7_,42
1616,B0011YFKMC,2.583333333,2015_6_,41
1617,B0011YFKMC,2.583333333,2015_5_,40
1618,B0011YFKMC,2.583333333,2015_4_,39
1619,B0011YFKMC,2.583333333,2015_3_,38
1620,B0011YFKMC,2.583333333,2015_2_,37
1621,B0011YFKMC,2.583333333,2015_1_,36
1622,B0011YFKMC,2.583333333,2014_12_,35
1623,B0011YFKMC,2.583333333,2014_11_,34
1624,B0011YFKMC,2.583333333,2014_10_,33
1625,B0011YFKMC,2.727272727,2014_9_,32
1626,B0011YFKMC,2.727272727,2014_8_,31
1627,B0011YFKMC,2.727272727,2014_7_,30
1628,B0011YFKMC,2.727272727,2014_6_,29
1629,B0011YFKMC,2.9,2014_5_,28
1630,B0011YFKMC,2.888888889,2014_4_,27
1631,B0011YFKMC,2.625,2014_3_,26
1632,B0011YFKMC,2.857142857,2014_2_,25
1633,B0011YFKMC,2.666666667,2014_1_,24
1634,B0011YFKMC,2.666666667,2013_12_,23
1635,B0011YFKMC,2.666666667,2013_11_,22
1636,B0011YFKMC,2.666666667,2013_10_,21
1637,B0011YFKMC,2.666666667,2013_9_,20
1638,B0011YFKMC,3.0,2013_8_,19
1639,B0011YFKMC,2.5,2013_7_,18
1640,B0011YFKMC,2.5,2013_6_,17
1641,B0011YFKMC,2.5,2013_5_,16
1642,B0011YFKMC,2.5,2013_4_,15
1643,B0011YFKMC,3.0,2013_3_,14
1644,B0011YFKMC,3.0,2013_2_,13
1645,B0011YFKMC,4.0,2013_1_,12
1646,B000A7B4D0,3.642857143,2015_7_,42
1647,B000A7B4D0,3.642857143,2015_6_,41
1648,B000A7B4D0,3.642857143,2015_5_,40
1649,B000A7B4D0,3.642857143,2015_4_,39
1650,B000A7B4D0,3.642857143,2015_3_,38
1651,B000A7B4D0,3.642857143,2015_2_,37
1652,B000A7B4D0,3.642857143,2015_1_,36
1653,B000A7B4D0,3.642857143,2014_12_,35
1654,B000A7B4D0,3.642857143,2014_11_,34
1655,B000A7B4D0,3.642857143,2014_10_,33
1656,B000A7B4D0,3.642857143,2014_9_,32
1657,B000A7B4D0,3.769230769,2014_8_,31
1658,B000A7B4D0,3.769230769,2014_7_,30
1659,B000A7B4D0,3.769230769,2014_6_,29
1660,B000A7B4D0,3.666666667,2014_5_,28
1661,B000A7B4D0,3.666666667,2014_4_,27
1662,B000A7B4D0,3.666666667,2014_3_,26
1663,B000A7B4D0,3.666666667,2014_2_,25
1664,B000A7B4D0,3.545454545,2014_1_,24
1665,B000A7B4D0,3.545454545,2013_12_,23
1666,B000A7B4D0,3.5,2013_11_,22
1667,B000A7B4D0,3.5,2013_10_,21
1668,B000A7B4D0,3.5,2013_9_,20
1669,B000A7B4D0,3.5,2013_8_,19
1670,B000A7B4D0,3.5,2013_7_,18
1671,B000A7B4D0,3.777777778,2013_6_,17
1672,B000A7B4D0,3.777777778,2013_5_,16
1673,B000A7B4D0,3.625,2013_4_,15
1674,B000A7B4D0,3.625,2013_3_,14
1675,B000A7B4D0,3.625,2013_2_,13
1676,B000A7B4D0,3.4,2013_1_,12
1677,B000A7B4D0,3.4,2012_12_,11
1678,B000A7B4D0,3.4,2012_11_,10
1679,B000A7B4D0,3.75,2012_10_,9
1680,B000A7B4D0,3.333333333,2012_9_,8
1681,B000A7B4D0,3.333333333,2012_8_,7
1682,B000A7B4D0,3.333333333,2012_7_,6
1683,B000A7B4D0,3.333333333,2012_6_,5
1684,B000A7B4D0,3.333333333,2012_5_,4
1685,B000A7B4D0,3.333333333,2012_4_,3
1686,B000A7B4D0,5.0,2012_3_,2
1687,B001QFYDQK,3.0,2015_7_,42
1688,B001QFYDQK,3.0,2015_6_,41
1689,B001QFYDQK,3.0,2015_5_,40
1690,B001QFYDQK,3.0,2015_4_,39
1691,B001QFYDQK,3.0,2015_3_,38
1692,B001QFYDQK,3.0,2015_2_,37
1693,B001QFYDQK,3.0,2015_1_,36
1694,B001QFYDQK,3.0,2014_12_,35
1695,B001QFYDQK,3.0,2014_11_,34
1696,B001QFYDQK,3.0,2014_10_,33
1697,B001QFYDQK,3.0,2014_9_,32
1698,B001QFYDQK,2.6,2014_8_,31
1699,B001QFYDQK,2.6,2014_7_,30
1700,B001QFYDQK,2.6,2014_6_,29
1701,B001QFYDQK,3.0,2014_5_,28
1702,B001QFYDQK,3.0,2014_4_,27
1703,B001QFYDQK,3.0,2014_3_,26
1704,B001QFYDQK,3.0,2014_2_,25
1705,B001QFYDQK,3.0,2014_1_,24
1706,B001QFYDQK,3.0,2013_12_,23
1707,B001QFYDQK,3.0,2013_11_,22
1708,B001QFYDQK,3.0,2013_10_,21
1709,B001QFYDQK,3.0,2013_9_,20
1710,B001QFYDQK,3.666666667,2013_8_,19
1711,B001QFYDQK,3.666666667,2013_7_,18
1712,B001QFYDQK,3.666666667,2013_6_,17
1713,B001QFYDQK,3.666666667,2013_5_,16
1714,B001QFYDQK,3.666666667,2013_4_,15
1715,B001QFYDQK,3.666666667,2013_3_,14
1716,B001QFYDQK,3.666666667,2013_2_,13
1717,B001QFYDQK,3.666666667,2013_1_,12
1718,B001QFYDQK,4.5,2012_12_,11
1719,B001QFYDQK,4.5,2012_11_,10
1720,B001QFYDQK,4.5,2012_10_,9
1721,B001QFYDQK,4.5,2012_9_,8
1722,B001QFYDQK,4.0,2012_8_,7
1723,B001QFYDQK,4.0,2012_7_,6
1724,B001QFYDQK,4.0,2012_6_,5
1725,B001QFYDQK,4.0,2012_5_,4
1726,B001QFYDQK,4.0,2012_4_,3
1727,B001QFYDQK,4.0,2012_3_,2
1728,B001QFYDQK,4.0,2012_2_,1
1729,B007PKGV88,5.0,2015_7_,42
1730,B007PKGV88,5.0,2015_6_,41
1731,B007PKGV88,5.0,2015_5_,40
1732,B007PKGV88,5.0,2015_4_,39
1733,B007PKGV88,5.0,2015_3_,38
1734,B007PKGV88,5.0,2015_2_,37
1735,B007PKGV88,5.0,2015_1_,36
1736,B007PKGV88,5.0,2014_12_,35
1737,B007PKGV88,5.0,2014_11_,34
1738,B007PKGV88,5.0,2014_10_,33
1739,B007PKGV88,5.0,2014_9_,32
1740,B007PKGV88,5.0,2014_8_,31
1741,B0019C87BC,1.0,2015_7_,42
1742,B0019C87BC,1.0,2015_6_,41
1743,B0019C87BC,1.0,2015_5_,40
1744,B0019C87BC,1.0,2015_4_,39
1745,B0019C87BC,1.0,2015_3_,38
1746,B0019C87BC,1.0,2015_2_,37
1747,B0019C87BC,1.0,2015_1_,36
1748,B0019C87BC,1.0,2014_12_,35
1749,B0019C87BC,1.0,2014_11_,34
1750,B0019C87BC,1.0,2014_10_,33
1751,B0019C87BC,1.0,2014_9_,32
1752,B0019C87BC,1.0,2014_8_,31
1753,B0019C87BC,1.0,2014_7_,30
1754,B0019C87BC,1.0,2014_6_,29
1755,B0019C87BC,1.0,2014_5_,28
1756,B0019C87BC,1.0,2014_4_,27
1757,B0019C87BC,1.0,2014_3_,26
1758,B0019C87BC,1.0,2014_2_,25
1759,B0019C87BC,1.0,2014_1_,24
1760,B0019C87BC,1.0,2013_12_,23
1761,B0019C87BC,1.0,2013_11_,22
1762,B0019C87BC,1.0,2013_10_,21
1763,B0019C87BC,1.0,2013_9_,20
1764,B0019C87BC,1.0,2013_8_,19
1765,B0019C87BC,1.0,2013_7_,18
1766,B0019C87BC,1.0,2013_6_,17
1767,B0019C87BC,1.0,2013_5_,16
1768,B0019C87BC,1.0,2013_4_,15
1769,B0019C87BC,1.0,2013_3_,14
1770,B0019C87BC,1.0,2013_2_,13
1771,B0019C87BC,1.0,2013_1_,12
1772,B0019C87BC,1.0,2012_12_,11
1773,B0019C87BC,1.0,2012_11_,10
1774,B0019C87BC,1.0,2012_10_,9
1775,B0019C87BC,1.0,2012_9_,8
1776,B0019C87BC,1.0,2012_8_,7
1777,B0019C87BC,1.0,2012_7_,6
1778,B0019C87BC,1.0,2012_6_,5
1779,B0019C87BC,1.0,2012_5_,4
1780,B0019C87BC,1.0,2012_4_,3
1781,B0019C87BC,1.0,2012_3_,2
1782,B000W3PH1W,4.125,2015_7_,42
1783,B000W3PH1W,4.125,2015_6_,41
1784,B000W3PH1W,4.125,2015_5_,40
1785,B000W3PH1W,4.125,2015_4_,39
1786,B000W3PH1W,4.125,2015_3_,38
1787,B000W3PH1W,4.125,2015_2_,37
1788,B000W3PH1W,4.125,2015_1_,36
1789,B000W3PH1W,4.125,2014_12_,35
1790,B000W3PH1W,4.125,2014_11_,34
1791,B000W3PH1W,4.125,2014_10_,33
1792,B000W3PH1W,4.125,2014_9_,32
1793,B000W3PH1W,4.125,2014_8_,31
1794,B000W3PH1W,4.125,2014_7_,30
1795,B000W3PH1W,4.125,2014_6_,29
1796,B000W3PH1W,4.125,2014_5_,28
1797,B000W3PH1W,4.125,2014_4_,27
1798,B000W3PH1W,4.125,2014_3_,26
1799,B000W3PH1W,4.125,2014_2_,25
1800,B000W3PH1W,4.125,2014_1_,24
1801,B000W3PH1W,4.125,2013_12_,23
1802,B000W3PH1W,4.125,2013_11_,22
1803,B000W3PH1W,4.0,2013_10_,21
1804,B000W3PH1W,4.0,2013_9_,20
1805,B000W3PH1W,4.0,2013_8_,19
1806,B000W3PH1W,4.0,2013_7_,18
1807,B000W3PH1W,4.0,2013_6_,17
1808,B000W3PH1W,4.0,2013_5_,16
1809,B000W3PH1W,3.8,2013_4_,15
1810,B000W3PH1W,3.75,2013_3_,14
1811,B000W3PH1W,3.666666667,2013_2_,13
1812,B000W3PH1W,3.0,2013_1_,12
1813,B000W3PH1W,3.0,2012_12_,11
1814,B000W3PH1W,3.0,2012_11_,10
1815,B000W3PH1W,3.0,2012_10_,9
1816,B000W3PH1W,3.0,2012_9_,8
1817,B000W3PH1W,3.0,2012_8_,7
1818,B000W3PH1W,3.0,2012_7_,6
1819,B000W3PH1W,3.0,2012_6_,5
1820,B000W3PH1W,5.0,2012_5_,4
1821,B0018YR762,5.0,2015_7_,42
1822,B0018YR762,5.0,2015_6_,41
1823,B0018YR762,5.0,2015_5_,40
1824,B0018YR762,5.0,2015_4_,39
1825,B0018YR762,5.0,2015_3_,38
1826,B0018YR762,5.0,2015_2_,37
1827,B0018YR762,5.0,2015_1_,36
1828,B0018YR762,5.0,2014_12_,35
1829,B0018YR762,5.0,2014_11_,34
1830,B0018YR762,5.0,2014_10_,33
1831,B0018YR762,5.0,2014_9_,32
1832,B0018YR762,5.0,2014_8_,31
1833,B0018YR762,5.0,2014_7_,30
1834,B0018YR762,5.0,2014_6_,29
1835,B0018YR762,5.0,2014_5_,28
1836,B0018YR762,5.0,2014_4_,27
1837,B0018YR762,5.0,2014_3_,26
1838,B0018YR762,5.0,2014_2_,25
1839,B0018YR762,5.0,2014_1_,24
1840,B0018YR762,5.0,2013_12_,23
1841,B0018YR762,5.0,2013_11_,22
1842,B0018YR762,5.0,2013_10_,21
1843,B003XSST4A,3.75,2015_7_,42
1844,B003XSST4A,3.75,2015_6_,41
1845,B003XSST4A,3.75,2015_5_,40
1846,B003XSST4A,3.75,2015_4_,39
1847,B003XSST4A,3.75,2015_3_,38
1848,B003XSST4A,3.75,2015_2_,37
1849,B003XSST4A,3.75,2015_1_,36
1850,B003XSST4A,3.75,2014_12_,35
1851,B003XSST4A,3.75,2014_11_,34
1852,B003XSST4A,3.75,2014_10_,33
1853,B003XSST4A,3.75,2014_9_,32
1854,B003XSST4A,3.75,2014_8_,31
1855,B003XSST4A,3.75,2014_7_,30
1856,B003XSST4A,3.75,2014_6_,29
1857,B003XSST4A,3.75,2014_5_,28
1858,B003XSST4A,3.75,2014_4_,27
1859,B003XSST4A,3.75,2014_3_,26
1860,B003XSST4A,3.75,2014_2_,25
1861,B003XSST4A,3.75,2014_1_,24
1862,B003XSST4A,3.75,2013_12_,23
1863,B003XSST4A,3.75,2013_11_,22
1864,B003XSST4A,3.75,2013_10_,21
1865,B003XSST4A,3.75,2013_9_,20
1866,B003XSST4A,3.75,2013_8_,19
1867,B003XSST4A,3.75,2013_7_,18
1868,B003XSST4A,3.75,2013_6_,17
1869,B003XSST4A,3.75,2013_5_,16
1870,B003XSST4A,3.75,2013_4_,15
1871,B003XSST4A,3.75,2013_3_,14
1872,B003XSST4A,3.75,2013_2_,13
1873,B003XSST4A,3.75,2013_1_,12
1874,B003XSST4A,3.75,2012_12_,11
1875,B003XSST4A,3.75,2012_11_,10
1876,B003XSST4A,3.75,2012_10_,9
1877,B003XSST4A,3.75,2012_9_,8
1878,B003XSST4A,3.75,2012_8_,7
1879,B003XSST4A,3.75,2012_7_,6
1880,B003XSST4A,3.75,2012_6_,5
1881,B003XSST4A,4.666666667,2012_5_,4
1882,B003XSST4A,4.666666667,2012_4_,3
1883,B003XSST4A,5.0,2012_3_,2
1884,B003XSST4A,5.0,2012_2_,1
1885,B003XSST4A,5.0,2012_1_,0
1886,B000PUKLRM,1.0,2015_7_,42
1887,B000PUKLRM,1.0,2015_6_,41
1888,B000PUKLRM,1.0,2015_5_,40
1889,B000PUKLRM,1.0,2015_4_,39
1890,B000PUKLRM,1.0,2015_3_,38
1891,B000PUKLRM,1.0,2015_2_,37
1892,B000PUKLRM,1.0,2015_1_,36
1893,B000PUKLRM,1.0,2014_12_,35
1894,B000PUKLRM,1.0,2014_11_,34
1895,B000PUKLRM,1.0,2014_10_,33
1896,B000PUKLRM,1.0,2014_9_,32
1897,B000PUKLRM,1.0,2014_8_,31
1898,B000PUKLRM,1.0,2014_7_,30
1899,B000PUKLRM,1.0,2014_6_,29
1900,B000PUKLRM,1.0,2014_5_,28
1901,B000PUKLRM,1.0,2014_4_,27
1902,B000PUKLRM,1.0,2014_3_,26
1903,B000PUKLRM,1.0,2014_2_,25
1904,B000PUKLRM,1.0,2014_1_,24
1905,B000PUKLRM,1.0,2013_12_,23
1906,B000PUKLRM,1.0,2013_11_,22
1907,B000PUKLRM,1.0,2013_10_,21
1908,B000PUKLRM,1.0,2013_9_,20
1909,B000PUKLRM,1.0,2013_8_,19
1910,B000PUKLRM,1.0,2013_7_,18
1911,B000PUKLRM,1.0,2013_6_,17
1912,B000PUKLRM,1.0,2013_5_,16
1913,B000PUKLRM,1.0,2013_4_,15
1914,B000PUKLRM,1.0,2013_3_,14
1915,B000PUKLRM,1.0,2013_2_,13
1916,B000PUKLRM,1.0,2013_1_,12
1917,B000PUKLRM,1.0,2012_12_,11
1918,B000PUKLRM,1.0,2012_11_,10
1919,B000PUKLRM,1.0,2012_10_,9
1920,B000PUKLRM,1.0,2012_9_,8
1921,B000PUKLRM,1.0,2012_8_,7
1922,B000PUKLRM,1.0,2012_7_,6
1923,B000PUKLRM,1.0,2012_6_,5
1924,B000PUKLRM,1.0,2012_5_,4
1925,B000PUKLRM,1.0,2012_4_,3
1926,B000BQRHNQ,5.0,2015_7_,42
1927,B000BQRHNQ,5.0,2015_6_,41
1928,B000BQRHNQ,5.0,2015_5_,40
1929,B000BQRHNQ,5.0,2015_4_,39
1930,B000BQRHNQ,5.0,2015_3_,38
1931,B000BQRHNQ,5.0,2015_2_,37
1932,B000BQRHNQ,5.0,2015_1_,36
1933,B000BQRHNQ,5.0,2014_12_,35
1934,B000BQRHNQ,5.0,2014_11_,34
1935,B000BQRHNQ,5.0,2014_10_,33
1936,B000BQRHNQ,5.0,2014_9_,32
1937,B000BQRHNQ,5.0,2014_8_,31
1938,B000BQRHNQ,5.0,2014_7_,30
1939,B000BQRHNQ,5.0,2014_6_,29
1940,B000BQRHNQ,5.0,2014_5_,28
1941,B000BQRHNQ,5.0,2014_4_,27
1942,B000BQRHNQ,5.0,2014_3_,26
1943,B000BQRHNQ,5.0,2014_2_,25
1944,B000BQRHNQ,5.0,2014_1_,24
1945,B000BQRHNQ,5.0,2013_12_,23
1946,B000BQRHNQ,5.0,2013_11_,22
1947,B000BQRHNQ,5.0,2013_10_,21
1948,B000BQRHNQ,5.0,2013_9_,20
1949,B000BQRHNQ,5.0,2013_8_,19
1950,B000BQRHNQ,5.0,2013_7_,18
1951,B000BQRHNQ,5.0,2013_6_,17
1952,B000BQRHNQ,5.0,2013_5_,16
1953,B000BQRHNQ,5.0,2013_4_,15
1954,B000BQRHNQ,5.0,2013_3_,14
1955,B000BQRHNQ,5.0,2013_2_,13
1956,B000BQRHNQ,5.0,2013_1_,12
1957,B000BQRHNQ,5.0,2012_12_,11
1958,B000BQRHNQ,5.0,2012_11_,10
1959,B000BQRHNQ,5.0,2012_10_,9
1960,B000BQRHNQ,5.0,2012_9_,8
1961,B000BQRHNQ,5.0,2012_8_,7
1962,B000BQRHNQ,5.0,2012_7_,6
1963,B000BQRHNQ,5.0,2012_6_,5
1964,B000BQRHNQ,5.0,2012_5_,4
1965,B000BQRHNQ,5.0,2012_4_,3
1966,B004YKEV20,1.0,2015_7_,42
1967,B004YKEV20,1.0,2015_6_,41
1968,B004YKEV20,1.0,2015_5_,40
1969,B004YKEV20,1.0,2015_4_,39
1970,B004YKEV20,1.0,2015_3_,38
1971,B004YKEV20,1.0,2015_2_,37
1972,B004YKEV20,1.0,2015_1_,36
1973,B004YKEV20,1.0,2014_12_,35
1974,B004YKEV20,1.0,2014_11_,34
1975,B004YKEV20,1.0,2014_10_,33
1976,B004YKEV20,1.0,2014_9_,32
1977,B004YKEV20,1.0,2014_8_,31
1978,B004YKEV20,1.0,2014_7_,30
1979,B004YKEV20,1.0,2014_6_,29
1980,B004YKEV20,1.0,2014_5_,28
1981,B004YKEV20,1.0,2014_4_,27
1982,B004YKEV20,1.0,2014_3_,26
1983,B004YKEV20,1.0,2014_2_,25
1984,B004YKEV20,1.0,2014_1_,24
1985,B004YKEV20,1.0,2013_12_,23
1986,B004YKEV20,1.0,2013_11_,22
1987,B004YKEV20,1.0,2013_10_,21
1988,B004YKEV20,1.0,2013_9_,20
1989,B004YKEV20,1.0,2013_8_,19
1990,B004YKEV20,1.0,2013_7_,18
1991,B004YKEV20,1.0,2013_6_,17
1992,B004YKEV20,1.0,2013_5_,16
1993,B004YKEV20,1.0,2013_4_,15
1994,B004YKEV20,1.0,2013_3_,14
1995,B004YKEV20,1.0,2013_2_,13
1996,B004YKEV20,1.0,2013_1_,12
1997,B004YKEV20,1.0,2012_12_,11
1998,B004YKEV20,1.0,2012_11_,10
1999,B004YKEV20,1.0,2012_10_,9
2000,B004YKEV20,1.0,2012_9_,8
2001,B004YKEV20,1.0,2012_8_,7
2002,B004YKEV20,1.0,2012_7_,6
2003,B004YKEV20,1.0,2012_6_,5
2004,B004YKEV20,1.0,2012_5_,4
2005,B004YKEV20,1.0,2012_4_,3
2006,B005JAVD3Y,4.0,2015_7_,42
2007,B005JAVD3Y,4.0,2015_6_,41
2008,B005JAVD3Y,4.0,2015_5_,40
2009,B005JAVD3Y,4.0,2015_4_,39
2010,B005JAVD3Y,4.0,2015_3_,38
2011,B005JAVD3Y,4.0,2015_2_,37
2012,B005JAVD3Y,4.0,2015_1_,36
2013,B005JAVD3Y,4.0,2014_12_,35
2014,B005JAVD3Y,4.0,2014_11_,34
2015,B005JAVD3Y,4.0,2014_10_,33
2016,B005JAVD3Y,4.0,2014_9_,32
2017,B005JAVD3Y,4.0,2014_8_,31
2018,B005JAVD3Y,4.0,2014_7_,30
2019,B005JAVD3Y,4.0,2014_6_,29
2020,B005JAVD3Y,4.0,2014_5_,28
2021,B005JAVD3Y,4.0,2014_4_,27
2022,B005JAVD3Y,4.0,2014_3_,26
2023,B005JAVD3Y,4.0,2014_2_,25
2024,B005JAVD3Y,4.0,2014_1_,24
2025,B005JAVD3Y,4.0,2013_12_,23
2026,B005JAVD3Y,4.0,2013_11_,22
2027,B005JAVD3Y,4.0,2013_10_,21
2028,B005JAVD3Y,4.0,2013_9_,20
2029,B005JAVD3Y,4.0,2013_8_,19
2030,B005JAVD3Y,4.0,2013_7_,18
2031,B005JAVD3Y,4.0,2013_6_,17
2032,B005JAVD3Y,4.0,2013_5_,16
2033,B005JAVD3Y,4.0,2013_4_,15
2034,B005JAVD3Y,4.0,2013_3_,14
2035,B005JAVD3Y,4.0,2013_2_,13
2036,B005JAVD3Y,4.0,2013_1_,12
2037,B005JAVD3Y,4.0,2012_12_,11
2038,B005JAVD3Y,4.0,2012_11_,10
2039,B005JAVD3Y,4.0,2012_10_,9
2040,B005JAVD3Y,4.0,2012_9_,8
2041,B005JAVD3Y,4.0,2012_8_,7
2042,B005JAVD3Y,4.0,2012_7_,6
2043,B005JAVD3Y,4.0,2012_6_,5
2044,B005JAVD3Y,4.0,2012_5_,4
2045,B005JAVD3Y,4.0,2012_4_,3
2046,B005GM942C,4.0,2015_7_,42
2047,B005GM942C,4.0,2015_6_,41
2048,B005GM942C,4.0,2015_5_,40
2049,B005GM942C,4.0,2015_4_,39
2050,B005GM942C,4.0,2015_3_,38
2051,B005GM942C,4.0,2015_2_,37
2052,B005GM942C,4.0,2015_1_,36
2053,B005GM942C,4.0,2014_12_,35
2054,B005GM942C,4.0,2014_11_,34
2055,B005GM942C,4.0,2014_10_,33
2056,B005GM942C,4.0,2014_9_,32
2057,B005GM942C,4.0,2014_8_,31
2058,B005GM942C,4.0,2014_7_,30
2059,B005GM942C,4.0,2014_6_,29
2060,B005GM942C,4.0,2014_5_,28
2061,B005GM942C,4.0,2014_4_,27
2062,B005GM942C,4.0,2014_3_,26
2063,B005GM942C,4.0,2014_2_,25
2064,B005GM942C,4.0,2014_1_,24
2065,B005GM942C,4.0,2013_12_,23
2066,B005GM942C,4.0,2013_11_,22
2067,B005GM942C,4.0,2013_10_,21
2068,B005GM942C,4.0,2013_9_,20
2069,B005GM942C,4.0,2013_8_,19
2070,B005GM942C,4.0,2013_7_,18
2071,B005GM942C,4.0,2013_6_,17
2072,B005GM942C,4.0,2013_5_,16
2073,B005GM942C,4.0,2013_4_,15
2074,B005GM942C,4.0,2013_3_,14
2075,B005GM942C,4.0,2013_2_,13
2076,B005GM942C,4.0,2013_1_,12
2077,B005GM942C,4.0,2012_12_,11
2078,B005GM942C,4.0,2012_11_,10
2079,B005GM942C,4.0,2012_10_,9
2080,B005GM942C,4.0,2012_9_,8
2081,B005GM942C,4.0,2012_8_,7
2082,B005GM942C,4.0,2012_7_,6
2083,B005GM942C,4.0,2012_6_,5
2084,B005GM942C,4.0,2012_5_,4
2085,B005GM942C,4.0,2012_4_,3
2086,B0002YTM0I,3.0,2015_7_,42
2087,B0002YTM0I,3.0,2015_6_,41
2088,B0002YTM0I,3.0,2015_5_,40
2089,B0002YTM0I,3.0,2015_4_,39
2090,B0002YTM0I,3.0,2015_3_,38
2091,B0002YTM0I,3.0,2015_2_,37
2092,B0002YTM0I,3.0,2015_1_,36
2093,B0002YTM0I,3.0,2014_12_,35
2094,B0002YTM0I,3.0,2014_11_,34
2095,B0002YTM0I,3.0,2014_10_,33
2096,B0002YTM0I,3.0,2014_9_,32
2097,B0002YTM0I,3.0,2014_8_,31
2098,B0002YTM0I,3.0,2014_7_,30
2099,B0002YTM0I,3.0,2014_6_,29
2100,B0002YTM0I,3.0,2014_5_,28
2101,B0002YTM0I,3.0,2014_4_,27
2102,B0002YTM0I,3.0,2014_3_,26
2103,B0002YTM0I,3.0,2014_2_,25
2104,B0002YTM0I,3.0,2014_1_,24
2105,B0002YTM0I,3.0,2013_12_,23
2106,B0002YTM0I,3.0,2013_11_,22
2107,B0002YTM0I,3.0,2013_10_,21
2108,B0002YTM0I,3.0,2013_9_,20
2109,B0002YTM0I,3.0,2013_8_,19
2110,B0002YTM0I,3.0,2013_7_,18
2111,B0002YTM0I,3.0,2013_6_,17
2112,B0002YTM0I,3.0,2013_5_,16
2113,B0002YTM0I,3.0,2013_4_,15
2114,B0002YTM0I,3.0,2013_3_,14
2115,B0002YTM0I,3.0,2013_2_,13
2116,B0002YTM0I,3.0,2013_1_,12
2117,B0002YTM0I,3.0,2012_12_,11
2118,B0002YTM0I,3.0,2012_11_,10
2119,B0002YTM0I,3.0,2012_10_,9
2120,B0002YTM0I,3.0,2012_9_,8
2121,B0002YTM0I,3.0,2012_8_,7
2122,B0002YTM0I,3.0,2012_7_,6
2123,B0002YTM0I,3.0,2012_6_,5
2124,B0002YTM0I,3.0,2012_5_,4
2125,B0002YTM0I,3.0,2012_4_,3
